"name","address","lng","lat"
"FQHC1","100 Independence Cir,Chico,Butte","-121.873465206952,","39.772548235146"
"FQHC2","1000 Newbury Rd , Newbury Park","-118.902914856415,","34.1826041709"
"FQHC3","1000 Skyline Blvd,Avenal,Kings","-120.122421938624,","36.007393983984"
"FQHC4","1001 E Grand Ave,Escondido,San Diego","-117.068389018588,","33.12626353323"
"FQHC5","1001 Main St,Delano,Kern","-119.245718422592,","35.769118767372"
"FQHC6","101 N Palm St,Woodlake,Tulare","-119.100199651407,","36.413962244139"
"FQHC7","1030 Nevin Ave,Richmond,Contra Costa","-122.359665789383,","37.936773742411"
"FQHC8","1031 Waterloo Rd,Stockton,San Joaquin","-121.273180943999,","37.96628519447"
"FQHC9","10408 Vacco St,South El Monte,Los Angeles","-118.045386682233,","34.047295584803"
"FQHC10","10418 Valley Blvd,El Monte,Los Angeles","-118.045955613017,","34.076466907029"
"FQHC11","10561 Merritt St,Castroville,Monterey","-121.759585594572,","36.76694031711"
"FQHC12","1066 S White Rd,San Jose,Santa Clara","-121.820587377314,","37.35784225132"
"FQHC13","10700 Macarthur Blvd,Oakland,Alameda","-122.150457076285,","37.74182117323"
"FQHC14","1080 Emeline Ave,Santa Cruz,Santa Cruz","-122.017543101048,","36.992089773841"
"FQHC15","1100 Trancas St,Napa,Napa","-122.296894695299,","38.323422831154"
"FQHC16","1107 W Poplar Ave,Porterville,Tulare","-119.049829634359,","36.051228685852"
"FQHC17","1111 W Chase Ave,El Cajon,San Diego","-116.976308947431,","32.781461975499"
"FQHC18","1114 6th St,Modesto,Stanislaus","-121.005381698447,","37.638821401624"
"FQHC19","1119 E Monte Vista Ave,Vacaville,Solano","-121.976806195917,","38.360177418395"
"FQHC20","1121 E Washington Ave,Escondido,San Diego","-117.069522182976,","33.132111217833"
"FQHC21","1121 Hammond St,Modesto,Stanislaus","-121.018678710339,","37.615244106448"
"FQHC22","11336 Bartlett Ave,Adelanto,San Bernardino","-117.416901645257,","34.579247935299"
"FQHC23","1136 D Ave,National City,San Diego","-117.101744892497,","32.674073431103"
"FQHC24","1140 Main St,Livingston,Merced","-120.72347128198,","37.379820525048"
"FQHC25","1141 Olive Ave,Turlock,Stanislaus","-120.839884710484,","37.503633289922"
"FQHC26","115-A Coral St,Santa Cruz,Santa Cruz","-122.030281861314,","36.985195365763"
"FQHC27","1155 W Central Ave,Santa Ana,Orange","-117.883911474237,","33.712614990016"
"FQHC28","1187 E S St,Orland,Glenn","-122.167193655817,","39.736060458325"
"FQHC29","12520 Palm Dr,Desert Hot Springs,Riverside","-116.501282769142,","33.957601872759"
"FQHC30","1200 Maricopa Hwy,Ojai,Ventura","-119.262678392168,","34.442096778724"
"FQHC31","1200 W Main St,Turlock,Stanislaus","-120.862679268163,","37.492677671999"
"FQHC32","12130 Paramount Blvd,Downey,Los Angeles","-118.146503839267,","33.931113019127"
"FQHC33","12157 Victory Blvd,North Hollywood,Los Angeles","-118.399056450864,","34.186732433749"
"FQHC34","122 E San Antonio Dr,King City,Monterey","-121.123496054809,","36.223097054369"
"FQHC35","1222 Pine St,St. Helena,Napa","-122.472177260591,","38.506077440814"
"FQHC36","1227 W 17th St,Santa Ana,Orange","-117.884021921376,","33.7603304573891"
"FQHC37","123 S Alvarado St,Los Angeles,Los Angeles","-118.270647459105,","34.066258765717"
"FQHC38","1231 Plumas St,Yuba City,Sutter","-121.617499651982,","39.147920368281"
"FQHC39","12360 Firestone Blvd,Norwalk,Los Angeles","-118.071822441611,","33.907209860106"
"FQHC40","125 W Thousand Oaks Blvd,Thousand Oaks,Ventura","-118.880220276192,","34.178488935363"
"FQHC41","1250 6th Ave,San Diego,San Diego","-117.159354016168,","32.718343395797"
"FQHC42","12540 Pierce St,Pacoima,Los Angeles","-118.405650468587,","34.272732589461"
"FQHC43","12586 Avenue 408,Orosi,Tulare","-119.291538127952,","36.53036371463"
"FQHC44","12619 Bentley St,Waterford,Stanislaus","-120.761338666009,","37.640735501928"
"FQHC45","127 W El Portal Dr,Merced,Merced","-120.469749324211,","37.326748423171"
"FQHC46","12751 Harbor Blvd,Garden Grove,Orange","-117.916201637776,","33.776371546636"
"FQHC47","1289 S Marina Dr,Salton City,Imperial","-115.969796368022,","33.275788246304"
"FQHC48","1300 N Ventura Rd,Oxnard,Ventura","-119.194554855534,","34.214637888478"
"FQHC49","1300 N Vermont Ave,Los Angeles,Los Angeles","-118.291679612177,","34.095607437635"
"FQHC50","1300 S Sunset Blvd,West Covina,Los Angeles","-118.250654566626,","34.071390892647"
"FQHC51","1301 4th St,Napa,Napa","-122.286056114593,","38.295878566246"
"FQHC52","1305 Concord St,Los Angeles,Los Angeles","-118.208091428479,","34.020890400456"
"FQHC53","131 W A St,Dixon,Solano","-121.822921096602,","38.445486596245"
"FQHC54","13161 Jefferson St,LE GRAND,Merced","-120.250814943303,","37.229436735916"
"FQHC55","133 W Main St,El Cajon,San Diego","-116.962771412449,","32.794869146943"
"FQHC56","1330 Cardinal St,Los Angeles,Los Angeles","-118.2305198757,","34.063053241469"
"FQHC57","1333 Meridian Ave,San Jose,Santa Clara","-121.913685443235,","37.301319297953"
"FQHC58","13500 Airport Rd,Boonville,Mendocino","-123.37925193282,","39.0132286182141"
"FQHC59","1381 University St,Healdsburg,Sonoma","-122.863805751966,","38.627476570308"
"FQHC60","1385 Mission St,San Miguel,San Luis Obispo","-120.69624318006,","35.752541062783"
"FQHC61","140 C St,Lemoore,Kings","-119.782439518832,","36.3017619741813"
"FQHC62","140 Elm St,San Diego,San Diego","-117.163494568438,","32.724115533967"
"FQHC63","1400 N Main St,Santa Ana,Orange","-117.867660110511,","33.756785435335"
"FQHC64","1401 S Grand Ave,Los Angeles,Los Angeles","-118.265476981911,","34.037170904257"
"FQHC65","1405 California Ave,Dos Palos,Merced","-120.629006351847,","36.986656990761"
"FQHC66","1411 E 31st St,Oakland,Alameda","-122.233171735208,","37.799540339877"
"FQHC67","1418 E Main St,Santa Maria,Santa Barbara","-120.414622157324,","34.952834285"
"FQHC68","1424 Crusado Ln,Los Angeles,Los Angeles","-118.195333412132,","34.057694229976"
"FQHC69","1424 Madera Blvd,Simi Valley,Ventura","-118.796147121584,","34.264850475535"
"FQHC70","1430 Freedom Blvd,Watsonville,Santa Cruz","-121.764581882759,","36.92651732231"
"FQHC71","145 N Clark St,Fresno,Fresno","-119.786071809727,","36.744088482132"
"FQHC72","150 Tejas Pl,Nipomo,San Luis Obispo","-120.498939101128,","35.026659280549"
"FQHC73","1510 Florida Ave,Modesto,Stanislaus","-120.996146427364,","37.665747606278"
"FQHC74","1515 Fruitvale Ave,Oakland,Alameda","-122.225297108485,","37.778978345687"
"FQHC75","1540 Florida Ave,Modesto,Stanislaus","-120.996151588474,","37.666266303832"
"FQHC76","1551 Bishop St,San Luis Obispo,San Luis Obispo","-120.646385859231,","35.274139837347"
"FQHC77","160 Capp St,San Francisco,San Francisco","-122.418677419205,","37.764122453037"
"FQHC78","1625 E Fourth St,Los Angeles,Los Angeles","-118.222543368893,","34.042984249032"
"FQHC79","1625 Fourth St,Los Angeles,Los Angeles","-118.267846817864,","34.059581209449"
"FQHC80","16300 Cloverdale Rd,Happy Valley,Shasta","-122.454003233999,","40.4746437580314"
"FQHC81","16453 Bear Valley Rd,Hesperia,San Bernardino","-117.304642933208,","34.470790322792"
"FQHC82","1646 S Olive St,Los Angeles,Los Angeles","-118.265602695546,","34.034818993375"
"FQHC83","1649 W Washington Blvd,Los Angeles,Los Angeles","-118.293327404118,","34.040051052438"
"FQHC84","165 S 1st St,El Cajon,San Diego","-116.944520471689,","32.794080513351"
"FQHC85","16650 Hwy 76,Pauma Valley,San Diego","-116.969288314057,","33.293593358178"
"FQHC86","1695 N Sunrise Way,Palm Springs,Riverside","-116.528253651486,","33.844749478709"
"FQHC87","1704 Colorado Blvd,Los Angeles,Los Angeles","-118.203886066602,","34.139270748191"
"FQHC88","17050 S Grafton St,Esparto,Yolo","-122.017303755104,","38.693087714741"
"FQHC89","1717 Las Vegas St,Modesto,Stanislaus","-121.002783767922,","37.606251079946"
"FQHC90","1721 E Hammer Ln,Stockton,San Joaquin","-121.291480507494,","38.020995256856"
"FQHC91","1735 Mission St,San Francisco,San Francisco","-122.419897668377,","37.769598228432"
"FQHC92","1776 E Century Blvd,Los Angeles,Los Angeles","-118.307578149081,","33.945402211009"
"FQHC93","1800 N Lake Ave,Pasadena,Los Angeles","-118.131650561242,","34.1769434701152"
"FQHC94","1801 E March Ln,Stockton,San Joaquin","-121.288601793623,","38.002646006437"
"FQHC95","1809 National Ave,San Diego,San Diego","-117.146601806606,","32.701649170154"
"FQHC96","1814 W Lincoln Ave,Anaheim,Orange","-117.947236064806,","33.832368818104"
"FQHC97","18144 Seco St,Jamestown,Tuolumne","-120.421914184745,","37.952536167854"
"FQHC98","1820 W Lincoln Ave,Anaheim,Los Angeles","-117.94739554957,","33.832369858857"
"FQHC99","1855 N Fair Oaks Ave,Pasadena,Los Angeles","-118.150822638791,","34.177324968757"
"FQHC100","1860 Howe Ave,Sacramento,Sacramento","-121.415216307724,","38.599286806099"
"FQHC101","1900 E Slauson Ave,Huntington Park,Los Angeles","-118.237441216646,","33.989166854923"
"FQHC102","1920 Marengo St,Los Angeles,Los Angeles","-118.209975350717,","34.057683824488"
"FQHC103","1921 Maple Ave,Los Angeles,Los Angeles","-118.26177367474,","34.029373652178"
"FQHC104","1970 University Ave,Riverside,Riverside","-117.354418489906,","33.975594806852"
"FQHC105","1993 Mckee Rd,San Jose,Santa Clara","-121.856140714393,","37.361260691929"
"FQHC106","200 C St,Patterson,Stanislaus","-121.125694945336,","37.467411830123"
"FQHC107","200 Cottage Ave,Manteca,San Joaquin","-121.198169575876,","37.799523257811"
"FQHC108","200 S Wells Rd,Ventura,Ventura","-119.160107036621,","34.293756683428"
"FQHC109","2001 Dwight Way,Berkeley,Alameda","-122.2697738216,","37.863727074674"
"FQHC110","201 E Lakeview Ave,Woodlake,Tulare","-119.096302430689,","36.4171957902778"
"FQHC111","2015 E Mariposa Rd,Stockton,San Joaquin","-121.246497968258,","37.940022080003"
"FQHC112","2021 Main St,Oakley,Contra Costa","-121.73244203325,","38.002922321429"
"FQHC113","2023 Vale Rd,San Pablo,Alameda","-122.338369094918,","37.953326412465"
"FQHC114","2031 6th St,Berkeley,Alameda","-122.297182627494,","37.866478168538"
"FQHC115","20326 Main St,Stratford,Kings","-119.823060033262,","36.18965531398"
"FQHC116","2044 Fair St,Stockton,San Joaquin","-121.264674902538,","37.933534291715"
"FQHC117","205 S St,Fort Bragg,Mendocino","-123.803081335114,","39.4304012106334"
"FQHC118","2050 S Blosser Rd,Santa Maria,Santa Barbara","-120.453869998011,","34.924010169401"
"FQHC119","210 Hospital Dr,Vallejo,Solano","-122.239800588228,","38.131126996401"
"FQHC120","2100 Monument Blvd,Pleasant Hill,Contra Costa","-122.053263398156,","37.945437185054"
"FQHC121","2101 Courage Dr,Fairfield,Solano","-122.066414507975,","38.237348964854"
"FQHC122","2101 Tenaya Dr,Modesto,Stanislaus","-120.95902817652,","37.632445257854"
"FQHC123","2105 Beverly Blvd,Los Angeles,Los Angeles","-118.270368211143,","34.066771235401"
"FQHC124","21138 Paso Robles Hwy,Lost Hills,Kern","-119.695243816796,","35.6165478528937"
"FQHC125","217 Highland Ave,National City,San Diego","-117.10060679298,","32.683163081371"
"FQHC126","219 N Sanborn Rd,Salinas,Monterey","-121.627106546482,","36.676599485857"
"FQHC127","220 Hospital Dr,Vallejo,Solano","-122.23972829276,","38.131127522181"
"FQHC128","2201 Courage Dr,Fairfield,Solano","-122.069984503206,","38.2364874667983"
"FQHC129","221 Ventura Blvd,Oxnard,Ventura","-119.171429128421,","34.231459786408"
"FQHC130","2216 Fair St,Chico,Butte","-121.817934034192,","39.718816187586"
"FQHC131","2219 E 1st St,Los Angeles,Los Angeles","-118.212022394859,","34.044782111729"
"FQHC132","223 Bassett St,King City,Monterey","-121.124566795868,","36.212512246398"
"FQHC133","2240 E Gonzales Rd,Oxnard,Ventura","-119.143176589463,","34.21870381619"
"FQHC134","2240 Gladstone Dr,Pittsburg,Contra Costa","-121.866837561158,","38.006229456451"
"FQHC135","2321 W Whittier Blvd,Montebello,Los Angeles","-118.126105337796,","34.013726369119"
"FQHC136","2325 Commercial St,San Diego,San Diego","-117.142997332353,","32.705184319422"
"FQHC137","23763 Valencia Blvd,Valencia,Los Angeles","-118.549693114848,","34.416009181414"
"FQHC138","2380 Montpelier Dr,San Jose,Santa Clara","-121.847598365769,","37.365109242938"
"FQHC139","23832 Rockfield Blvd,Lake Forest,Orange","-117.716456957301,","33.628597463881"
"FQHC140","240 Shotwell St,San Francisco,San Francisco","-122.41639435904,","37.764573474447"
"FQHC141","2400 Moorpark Ave,San Jose,Santa Clara","-121.936146929237,","37.316050825206"
"FQHC142","2400 S C St,Oxnard,Ventura","-119.181251178443,","34.177838255266"
"FQHC143","2401 W Turner Rd,Lodi,San Joaquin","-121.343073100689,","38.145730063909"
"FQHC144","243 Georgia St,Vallejo,Solano","-122.258932015034,","38.101098004787"
"FQHC145","250 E 18th St,Oakland,Alameda","-122.252665902512,","37.800052534104"
"FQHC146","2500 Alhambra Ave,Martinez,Contra Costa","-122.130907081628,","38.006420935193"
"FQHC147","2505 E Divisadero St,Fresno,Fresno","-119.78125709179,","36.74336776881"
"FQHC148","251 Landis Ave,Chula Vista,San Diego","-117.081505853423,","32.642660683382"
"FQHC149","2515 Main St,Cambria,San Luis Obispo","-121.079588063515,","35.56589951004"
"FQHC150","2600 MacDonald Ave,Richmond,Contra Costa","-122.343672219255,","37.93512487933"
"FQHC151","263 S West St,Tulare,Tulare","-119.366828043301,","36.203182522101"
"FQHC152","2640 E Lafayette St,Stockton,San Joaquin","-121.251238379349,","37.958533244844"
"FQHC153","26926-B Cherry Hills Blvd,Menifee,Riverside","-117.190083567457,","33.710804770884"
"FQHC154","2720 S Bristol St,Santa Ana,Orange","-117.885484665526,","33.710929016065"
"FQHC155","2760 3rd St,CERES,Stanislaus","-120.954461149069,","37.592722829256"
"FQHC156","278 Main St,Hamilton City,Glenn","-122.011717727504,","39.741271577124"
"FQHC157","2790 S Elm Ave,Fresno,Fresno","-119.791140245592,","36.7006761216051"
"FQHC158","2801 Santa Maria Way,Santa Maria,Santa Barbara","-120.434819655786,","34.9088934477872"
"FQHC159","2801 Silver St,Anderson,Shasta","-122.299538275137,","40.447056763937"
"FQHC160","286 Euclid Ave,San Diego,San Diego","-117.085069966194,","32.70791461071"
"FQHC161","2880 Story Rd,San Jose,Santa Clara","-121.822718446407,","37.353673837164"
"FQHC162","29-A Bishop Rd,Pajaro,Monterey","-121.74951997259,","36.901729478248"
"FQHC163","2950 International Blvd,Oakland,Alameda","-122.22853102767,","37.779074163089"
"FQHC164","29632 Hwy 299E,Round Mountain,Shasta","-121.939468853708,","40.80279862551"
"FQHC165","301 Howard Rd,Westley,Stanislaus","-121.197917290739,","37.544920610904"
"FQHC166","305 E Center St,Visalia,Tulare","-119.338093328271,","36.206239158898"
"FQHC167","3052 Willow Pass Rd,Concord,Contra Costa","-122.020900749607,","37.980852514729"
"FQHC168","3075 Mission Blvd,San Diego,San Diego","-117.250829180104,","32.769330899767"
"FQHC169","30979 Rd 72,Visalia,Tulare","-119.412599744194,","36.352238500425"
"FQHC170","311 Winston St,Los Angeles,Los Angeles","-118.245028495132,","34.045550289776"
"FQHC171","31180 Rd 67,Goshen,Tulare","-119.411658209416,","36.35596105556"
"FQHC172","3124 International Blvd,Oakland,Alameda","-122.226373422503,","37.777980704967"
"FQHC173","3160 E Del Mar Blvd,Pasadena,Los Angeles","-118.08288422068,","34.142169683352"
"FQHC174","3177 Oceanview Blvd,San Diego,San Diego","-117.12571090838,","32.701131943384"
"FQHC175","3200 Senter Rd,San Jose,Santa Clara","-121.833110728963,","37.293411886786"
"FQHC176","325 Posada Ln,Templeton,San Luis Obispo","-120.721354719819,","35.553168558237"
"FQHC177","3260 Kerner Blvd,San Rafael,Marin","-122.501827449719,","37.960595211945"
"FQHC178","329 W 8th St,Hanford,Kings","-119.64959650263,","36.32706241311"
"FQHC179","33025 Rd 159, Ivanhoe, CA 93235","-119.218054117224,","36.389084039141"
"FQHC180","333 Laws Ave,Ukiah,Mendocino","-123.211173546384,","39.128303359092"
"FQHC181","345 Spring St,Paso Robles,San Luis Obispo","-120.690857570217,","35.618831193341"
"FQHC182","3451 E 12th St,Oakland,Alameda","-122.224003130327,","37.775958397065"
"FQHC183","3455 Percy St,Los Angeles,Los Angeles","-118.19863543689,","34.028165169787"
"FQHC184","3505 Lone Tree Way,Antioch,Contra Costa","-121.807233137072,","37.988211512379"
"FQHC185","3544 30th St,San Diego,San Diego","-117.130142221868,","32.743125938609"
"FQHC186","355 Central Ave,Fillmore,Ventura","-118.91370878644,","34.399962381423"
"FQHC187","3554 W Mount Whitney Ave,Riverdale,Fresno","-119.862098626204,","36.430865633722"
"FQHC188","35800 Hwy 190,Springville,Tulare","-118.814774828532,","36.133167893599"
"FQHC189","365 Tuolumne St,Vallejo,Solano","-122.238302357047,","38.103320337852"
"FQHC190","3690 Mission Blvd,San Diego,San Diego","-117.252557494409,","32.782308007037"
"FQHC191","370 N Montgomery St,San Jose,Santa Clara","-121.904635696346,","37.336623057531"
"FQHC192","3801 Las Posas Rd,Camarillo,Ventura","-119.019685420898,","34.241306269682"
"FQHC193","3820 Martin Luther King Jr Blvd,Lynwood,Los Angeles","-118.340121355624,","34.013724243207"
"FQHC194","3945 Whittier Blvd,Los Angeles,Los Angeles","-118.188224693834,","34.023985439689"
"FQHC195","401 E School Ave,Visalia,Tulare","-119.288922308866,","36.332829673305"
"FQHC196","401 Lesher Dr,Merced,Merced","-120.504072944986,","37.293772720436"
"FQHC197","401 Trinity Ave,Chowchilla,Madera","-120.260873516753,","37.120593943908"
"FQHC198","4010 E Chapman Ave,Orange,Orange","-117.810235344091,","33.787703483842"
"FQHC199","4050 Beyer Blvd,San Ysidro,San Diego","-117.04682889695,","32.558301584436"
"FQHC200","4060 Fairmount Ave,San Diego,San Diego","-117.100937575998,","32.750668227242"
"FQHC201","4094 4th Ave,San Diego,San Diego","-117.161705160152,","32.751745733306"
"FQHC202","4150 Patterson Rd,Riverbank,Merced","-120.919844394736,","37.732577013068"
"FQHC203","416 Spring St,Paso Robles,San Luis Obispo","-120.69059920802,","35.618565343926"
"FQHC204","41651 Sierra Dr,Three Rivers,Tulare","-118.905253298484,","36.438336998577"
"FQHC205","4171 Fairmount Ave,San Diego,San Diego","-117.100771699852,","32.752651763345"
"FQHC206","4177 Avenue 368, Kingsburg, CA 93631","-119.481402411476,","36.459020400254"
"FQHC207","41840 Enterprise Cir,Temecula,Riverside","-117.169871705055,","33.517586334041"
"FQHC208","420 S Glendora Ave,West Covina,Los Angeles","-117.925558081711,","34.067130192763"
"FQHC209","423 S San Joaquin St,Stockton,San Joaquin","-121.286118537609,","37.948969899404"
"FQHC210","425 N Date St,Escondido,San Diego","-117.071433050658,","33.128780975962"
"FQHC211","425 W Central Ave,Lompoc,Santa Barbara","-120.458837485151,","34.660899894328"
"FQHC212","4279 Tierra Rejada Rd,Moorpark,Ventura","-118.899879062652,","34.2681181241063"
"FQHC213","430 S Blosser Rd,Santa Maria,Santa Barbara","-120.453664168544,","34.947316256897"
"FQHC214","4326 Golden Center Dr,Placerville,El Dorado","-120.828883263122,","38.706724228304"
"FQHC215","436-435 Susan Dr,Doyle,Lassen","-120.121084480229,","40.042326507119"
"FQHC216","4361 Railroad Ave,Pleasanton,Alameda","-121.873700276357,","37.661578171861"
"FQHC217","440 Airport Blvd,Salinas,Monterey","-121.616763228704,","36.665347359102"
"FQHC218","45 Hazel St,Willits,Mendocino","-123.35192533006,","39.399736076341"
"FQHC219","45 Nielson St,Watsonville,Santa Cruz","-121.79254841839,","36.928229656885"
"FQHC220","450 W Clara St,Oxnard,Ventura","-119.182219009342,","34.15112896511"
"FQHC221","452 S Main St,Los Angeles,Los Angeles","-118.247986592452,","34.047178387881"
"FQHC222","455 W Montana St,Pasadena,Los Angeles","-118.160589074002,","34.180898878732"
"FQHC223","460 N Elm St,Escondido,San Diego","-117.072676877045,","33.128210910938"
"FQHC224","4641 Missouri Flat Rd,Placerville,El Dorado","-120.823698399655,","38.69570400365"
"FQHC225","4650 W Sunset Blvd,Los Angeles,Los Angeles","-118.29068926834,","34.098098260622"
"FQHC226","4725 Market St,San Diego,San Diego","-117.092640057001,","32.710988189169"
"FQHC227","4874 Polk Ave,San Diego,San Diego","-117.089742278653,","32.751385526963"
"FQHC228","500 E Main St,Santa Paula,Ventura","-119.068818258283,","34.351107709608"
"FQHC229","501 N Bridge St,Visalia,Tulare","-119.289074392711,","36.33385258187"
"FQHC230","5059 York Blvd,Los Angeles,Los Angeles","-118.205622764396,","34.121292296211"
"FQHC231","517 S Madera Ave,Kerman,Fresno","-120.060299218825,","36.726660238806"
"FQHC232","522 S San Pedro St,Los Angeles,Los Angeles","-118.244140679193,","34.043702198143"
"FQHC233","5220 Claremont Ave,Oakland,Alameda","-122.261180797627,","37.838638271302"
"FQHC234","525 E Main St,El Cajon,San Diego","-116.955733414853,","32.794866923531"
"FQHC235","5275 Claremont Ave,Oakland,Alameda","-122.260984962705,","37.839117363179"
"FQHC236","5335 Lakeshore Blvd,Lakeport,Lake","-122.903209728457,","39.105753809472"
"FQHC237","535 S Second Ave,Covina,Los Angeles","-117.887950509549,","34.080161882472"
"FQHC238","5400 Telegraph Ave,Alameda,Alameda","-118.899879062652,","34.2681181241063"
"FQHC239","5425 Pomona Blvd,Los Angeles,Los Angeles","-118.147344493012,","34.033492934063"
"FQHC240","5427 E Whittier Blvd,Los Angeles,Los Angeles","-118.153426701165,","34.019639442411"
"FQHC241","5454 El Cajon Blvd,San Diego,San Diego","-117.077704021458,","32.758126574746"
"FQHC242","550 E Washington Blvd,Crescent City,Del Norte","-124.198168703563,","41.772765430848"
"FQHC243","55497 Van Buren St,Thermal,Riverside","-116.198822593872,","33.644676305484"
"FQHC244","600 Nut Tree Rd,Vacaville,Solano","-121.949618713866,","38.361389799367"
"FQHC245","601 S San Pedro St,Los Angeles,Los Angeles","-118.24533617428,","34.042241473448"
"FQHC246","612 Spring Rd,Moorpark,Ventura","-118.874588100772,","34.281202949576"
"FQHC247","616 16th St,Oakland,Alameda","-122.274354711468,","37.807284497144"
"FQHC248","6336 Passons Blvd,Pico Rovera,Los Angeles","-118.08579615125,","33.98578787761"
"FQHC249","637 Merced St,Newman,Stanislaus","-121.016926598076,","37.314651554187"
"FQHC250","65 Third St,Point Reyes Station,Marin","-122.806724915017,","38.067824755522"
"FQHC251","650 Meta St,Oxnard,Ventura","-119.17590925326,","34.195666867305"
"FQHC252","6550 Front St,Forestville,Sonoma","-122.89119660957,","38.473569005571"
"FQHC253","678 3rd Ave,Chula Vista,San Diego","-117.074860507663,","32.628217230421"
"FQHC254","680 Fairplex Dr,Pomona,Los Angeles","-117.787481727175,","34.062459981606"
"FQHC255","6901 S Atlantic Ave,Bell Gardens,Los Angeles","-118.187741140771,","33.973730602332"
"FQHC256","69175 Ramon Rd,Cathedral City,Riverside","-116.456660906124,","33.815916775553"
"FQHC257","701 E Cesar E Chavez Ave,Los Angeles,Los Angeles","-118.229662434318,","34.05597794739"
"FQHC258","701 E Channel St,Stockton,San Joaquin","-121.28244130949,","37.956050832656"
"FQHC259","701 W Cesar E Chavez Ave,Los Angeles,Los Angeles","-118.243885346195,","34.060702162476"
"FQHC260","7107 Remmet Ave,Canoga Park,Los Angeles","-118.600342914937,","34.19936461681"
"FQHC261","721 Calaveras St,Lodi,San Joaquin","-121.265729181713,","38.142855181234"
"FQHC262","721 E 5th St,Los Angeles,Los Angeles","-118.241819787332,","34.043003906352"
"FQHC263","7210 Murray Dr,Stockton,San Joaquin","-121.300796703613,","38.015578397658"
"FQHC264","727 Wilson St,Los Angeles,Los Angeles","-118.233970020338,","34.034361708412"
"FQHC265","728 E Valley Parkway,Escondido,San Diego","-117.073552266485,","33.127520859181"
"FQHC266","730 Central Ave,Tracy,San Joaquin","-121.547362184526,","37.769156250342"
"FQHC267","730 N Farmersville Blvd,Farmersville,Tulare","-119.206885505341,","36.301567428208"
"FQHC268","7512 Morro Rd,Atascadero,San Luis Obispo","-120.66743412846,","35.477468848493"
"FQHC269","77 Casa St,San Luis Obispo,San Luis Obispo","-120.665192764135,","35.29320129067"
"FQHC270","7843 Lankershim Blvd,North Hollywood,Los Angeles","-118.387848059998,","34.212857891079"
"FQHC271","7967 Broadway Ave,Lemon Grove,San Diego","-117.027188994849,","32.74271024337"
"FQHC272","797 W Childs Ave,Merced,Merced","-120.496895950991,","37.288258698218"
"FQHC273","7970 Lander Ave,Hilmar,Merced","-120.850058318688,","37.403597737346"
"FQHC274","799 Front St,Soledad,Monterey","-121.326194629795,","36.424974953933"
"FQHC275","801 S Chevy Chase Dr,Glendale,Los Angeles","-118.239649100696,","34.137090485903"
"FQHC276","8041 Newman Ave,Huntington Beach,Orange","-117.988629090674,","33.704854464193"
"FQHC277","808 Oak Ave,Greenfield,Monterey","-121.242582895283,","36.321347593226"
"FQHC278","815 Dr Martin Luther King Jr Blvd,Bakersfield,Kern","-118.98516881531,","35.365067973099"
"FQHC279","818 Webster St,Oakland,Alameda","-122.271238461751,","37.799392631327"
"FQHC280","821 Texas Ave,Los Banos,Merced","-120.860514728783,","37.064420795487"
"FQHC281","823 Gateway Center Way,San Diego,San Diego","-117.113935427524,","32.714955633673"
"FQHC282","835 Webster St,Oakland,Alameda","-122.271310648012,","37.799538416448"
"FQHC283","8465 Old Redwood Hwy,Windsor,Sonoma","-122.801495722728,","38.543908871183"
"FQHC284","847 W Childs Ave,Merced,Merced","-120.497056385979,","37.288258255994"
"FQHC285","8627 Atlantic Ave,South Gate,Los Angeles","-118.183735604126,","33.954461404442"
"FQHC286","8788 Jamacha Rd,Spring Valley,San Diego","-117.009805863782,","32.714845527253"
"FQHC287","88 Mesa Rd,Bolinas,Marin","-122.699109822527,","37.909829635881"
"FQHC288","8856 Arlington Ave,Riverside,Riverside","-117.467297663063,","33.946461816494"
"FQHC289","8902 Woodman Ave,Arleta,Los Angeles","-118.437381050726,","34.231365754436"
"FQHC290","9 Crestview Dr,Watsonville,Santa Cruz","-121.764318431759,","36.926673367905"
"FQHC291","900 Fallon St,Oakland,Alameda","-122.263773684921,","37.797195043854"
"FQHC292","903 E Devonshire Ave,Hemet,Riverside","-116.962222645475,","33.751173091721"
"FQHC293","911 Washington St,Calistoga,Napa","-122.577066517571,","38.57804387709"
"FQHC294","9140 Van Nuys Blvd,Panorama City,Los Angeles","-118.450177507916,","34.236176949984"
"FQHC295","935 Market St,Yuba City,Sutter","-121.614415362302,","39.144866738539"
"FQHC296","9416 Rd 238, Terra Bella, CA 93270","-119.039959419037,","35.960519012316"
"FQHC297","9436 E Slauson Ave,Pico Rivera,Los Angeles","-118.096877042234,","33.968377302046"
"FQHC298","950 Circle Dr,Salinas,Monterey","-121.626232969408,","36.679436931946"
"FQHC299","950 S Euclid Ave,San Diego,San Diego","-117.085175971449,","32.696326773932"
"FQHC300","9933 MacArthur Blvd,Oakland,Alameda","-122.156742443935,","37.746482609226"
"FQHC301","995 Potrero Ave,San Francisco,San Francisco","-122.40663821554,","37.756926145551"
"PPHC1","330 S. Garfield Avenue, 3rd Fl. - Suite 300
Alhambra, CA 91801","-118.124462111826,","34.091839237384"
"PPHC2","303 W. Lincoln Ave., #105
Anaheim, CA 92805","-117.917893314918,","33.834935696791"
"PPHC3","3670 Delta Fair Boulevard
Antioch, CA 94509","-121.843167363707,","38.004117566072"
"PPHC4","2633 16th Street
Bakersfield, CA 93301","-119.032107453639,","35.372333393213"
"PPHC5","4070 Sterling Way
Baldwin Park, CA 91706
","-117.963199172656,","34.08503575075"
"PPHC6","916 W Burbank Blvd. #M
Burbank, CA 91506","-118.323353205967,","34.183616622264"
"PPHC7","21001 Sherman Way #9
Canoga Park, CA 91303","-118.593336768342,","34.201093279146"
"PPHC8","661 East University Drive
Carson, CA 90746","-118.264099744298,","33.858322462316"
"PPHC9","3100 Cohasset Rd.
Chico, CA 95973","-121.843528671421,","39.771808976455"
"PPHC10","1295 Broadway #201
Chula Vista, CA 91911","-117.078978338086,","32.60438088821"
"PPHC11","14671 Olympic Drive
Clearlake, CA 95422","-122.638266634222,","38.961782489939"
"PPHC12","49092 Las Cruces St, Coachella, CA 92236","-116.186556947708,","33.692074654329"
"PPHC13","4402 East Compton Blvd
Compton, CA 90221","-118.194409872989,","33.896089771363"
"PPHC14","2185 Pacheco Street
Concord, CA 94520","-122.034487953081,","37.978837649495"
"PPHC15","2079 Compton Avenue Suite #104
Corona, CA 92881","-117.536124110386,","33.850442826104"
"PPHC16","1520 Nutmeg Place Suite 101
Costa Mesa, CA 92626","-117.92078989457,","33.682030463032"
"PPHC17","1685 E. Main Street #301
El Cajon, CA 92021","-116.918957358064,","32.811554701791"
"PPHC18","1463 South 4th Street
El Centro, CA 92243","-115.552408843454,","32.7802754446"
"PPHC19","280 El Cerrito Plaza
El Cerrito, CA 94530","-122.299853255528,","37.900343777711"
"PPHC20","4786 N. Peck Road, Ste. B
El Monte, CA 91732","-118.014557916215,","34.090653545073"
"PPHC21","347 W. Mission Avenue
Escondido, CA 92025","-117.089921924706,","33.128880529598"
"PPHC22","3225 Timber Fall Court Suite B
Eureka, CA 95503","-124.135598215053,","40.778873662045"
"PPHC23","1325 Travis Blvd. #C
Fairfield, CA 94533","-122.051645393622,","38.257956771463"
"PPHC24","6095 N. 1st Street
Fresno, CA 93710","-119.772320238935,","36.824338468829"
"PPHC25","760 Renz Lane
Gilroy, CA 95020","-121.557692941537,","37.006792283237"
"PPHC26","130 W Route 66
Glendora, CA 91740","-117.863390694417,","34.12862181826"
"PPHC27","1032 A Street
Hayward, CA 94541","-122.083362090963,","37.674348501338"
"PPHC28","1780 E. Florida Ave
Hemet, CA 92544","-116.95327990801,","33.747703402295"
"PPHC29","2550 E. Slauson Ave
Huntington Park, CA 90255","-118.226408251346,","33.989157854302"
"PPHC30","905 N. La Brea Avenue
Inglewood, CA 90302","-118.357706975749,","33.974694426823"
"PPHC31","3224 W. Olympic Blvd, Suite 101
Koreatown, CA 90006","-118.306872899879,","34.052562952498"
"PPHC32","5525 Del Amo Blvd.
Lakewood, CA 90713","-118.124584386573,","33.847108455784"
"PPHC33"," Lawndale, CA
14623 Hawthorne Blvd. #300
Lawndale, CA 90260","-118.352805564747,","33.899163862594"
"PPHC34","2690 Pacific Avenue, Unit 260
Long Beach, CA 90806","-118.193634374518,","33.806003701306"
"PPHC35","2690 Pacific Avenue, Ste. 370
Long Beach, CA 90806","-118.193634374518,","33.806003701306"
"PPHC36","8520 So. Broadway
Los Angeles, CA 90003","-118.278214156824,","33.961278864486"
"PPHC37","1057 Kingston Avenue
Los Angeles, CA 90033","-118.209708987213,","34.056844959293"
"PPHC38","5068 Whittier Blvd.
Los Angeles, CA 90022","-118.160297683937,","34.020984788991"
"PPHC39","3637 S. La Brea Ave
Los Angeles, CA 90016","-118.35567235952,","34.020911148152"
"PPHC40","400 West 30th Street
Los Angeles, CA 90007","-118.27570584063,","34.023959967135"
"PPHC41","1014 1/2 N Vermont Ave
Los Angeles, CA 90029","-118.291662424327,","34.089946971918"
"PPHC42","5903 N. Figueroa Street
Los Angeles, CA 90042","-118.19076163848,","34.110658445688"
"PPHC43","500 E. Almond Suite #1
Madera, CA 93637","-120.052810036627,","36.945481467799"
"PPHC44","965 E. Yosemite Avenue Suite #2
Manteca, CA 95336","-121.203206710283,","37.797505260997"
"PPHC45","3166 Collins Dr.
Merced, CA 95348","-120.476577048365,","37.320961021131"
"PPHC46","26137 La Paz Rd., #200
Mission Viejo, CA 92691","-117.675877437532,","33.599108847222"
"PPHC47","1431 McHenry Avenue, Suite 100
Modesto, CA 95350","-120.994009935959,","37.664741690456"
"PPHC48","2500 California Street
Mountain View, CA 94040","-122.106137758818,","37.403127356658"
"PPHC49","25130 Hancock Avenue, Suite 100
Murrieta, CA 92562","-117.182402334327,","33.568003083305"
"PPHC50","935 Trancas Street Unit 4D
Napa, CA 94558","-122.294143662856,","38.323785439896"
"PPHC51","5700 Watt Ave.
North Highlands, CA 95660","-121.382805667642,","38.670334368975"
"PPHC52","1400 Broadway
Oakland, CA 94612","-122.271045724227,","37.804332161792"
"PPHC53","700 S. Tustin St.
Orange, CA 92866","-117.835805835357,","33.778215856083"
"PPHC54","2651 South C St Suite 100
Oxnard, CA 93033","-119.181256953606,","34.175291370355"
"PPHC55","533 E. Palmdale Boulevard, Ste. A1
Palmdale, CA 93550","-118.1200605461,","34.57970231378"
"PPHC56","1045 N. Lake Ave.
Pasadena, CA 91104","-118.132520870016,","34.164129247005"
"PPHC57","1550 N Garey Avenue
Pomona, CA 91767","-117.752152223181,","34.073449409538"
"PPHC58","71777 San Jacinto Drive, Suite 202
Rancho Mirage, CA 92270","-116.412733468322,","33.744257968908"
"PPHC59","2935 Bechelli Lane
Redding, CA 96002","-122.362474119333,","40.564122242475"
"PPHC60","2907 CA-82, Redwood City, CA 94061","-122.223155168934,","37.476291821854"
"PPHC61","2970 Hilltop Mall Road #307
Richmond, CA 94806","-122.330383652995,","37.978282283946"
"PPHC62","3772 Tibbetts Street
Riverside, CA 92506","-117.399337841116,","33.947220547428"
"PPHC63","729 Sunrise Ave. Suite 900
Roseville, CA 95661","-121.271961393819,","38.734108185975"
"PPHC64","201 29th Street, Ste. B
Sacramento, CA 95816","-121.463926888375,","38.582376935967"
"PPHC65","1125 10th Street
Sacramento, CA 95814","-121.493949917169,","38.579014085745"
"PPHC66","5385 Franklin Blvd., Suite A-D
Sacramento, CA 95820","-121.472482049028,","38.528101222712"
"PPHC67","316 N. Main Street
Salinas, CA 93901","-121.653430631221,","36.682473867872"
"PPHC68","1873 S. Commercenter Dr. W.
San Bernardino, CA 92408","-117.285258768979,","34.067840613438"
"PPHC69","220 Euclid Ave, Suite 30
San Diego, CA 92114","-117.085071927133,","32.706572542005"
"PPHC70","2017 First Avenue Suite 100
San Diego, CA 92101","-117.163832491061,","32.726347750795"
"PPHC71","4305 University Avenue, #350
San Diego, CA 92105","-117.101845916617,","32.7495609364"
"PPHC72","10717 Camino Ruiz Suite #258
San Diego, CA 92126","-117.143819774828,","32.913240418085"
"PPHC73","7035 Convoy Ct.
San Diego, CA 92111","-117.16429797253,","32.834597225355"
"PPHC74","4575 College Ave
San Diego, CA 92115","-117.066582302515,","32.76004674462"
"PPHC75","1522 Bush Street
San Francisco, CA 94109","-122.422468954344,","37.788481989082"
"PPHC76","5440 Thornwood Drive
San Jose, CA 95123","-121.860004603806,","37.253083398642"
"PPHC77","3131 Alum Rock Avenue
San Jose, CA 95127","-121.827574712332,","37.366199925173"
"PPHC78","1691 The Alameda
San Jose, CA 95126","-121.919155541953,","37.337400046796"
"PPHC79","1694 Tully Road Suite 40
San Jose, CA 95122","-121.826025719039,","37.322221807962"
"PPHC80","743 Pismo Street
San Luis Obispo, CA 93401","-120.661597365205,","35.277025540905"
"PPHC81","29 Baywood Ave
San Mateo, CA 94402","-122.328877741363,","37.564766787395"
"PPHC82","2 H Street
San Rafael, CA 94901","-122.538540483217,","37.974238635528"
"PPHC83","200 Porter Drive, Suite 200
San Ramon, CA 94583","-121.991033315152,","37.773570815167"
"PPHC84","1421 E. 17th St.
Santa Ana, CA 92705","-117.849710271631,","33.760076275069"
"PPHC85","518 Garden Street
Santa Barbara, CA 93101","-119.692320062442,","34.420229680029"
"PPHC86","1119 Pacific Ave. Suite 200
Santa Cruz, CA 95060","-122.025601304383,","36.971907810285"
"PPHC87","501 E Chapel Street
Santa Maria, CA 93454","-120.43003505066,","34.954370737902"
"PPHC88","1316 3rd Street Promenade #201
Santa Monica, CA 90401","-118.497418650929,","34.016703921368"
"PPHC89","1140 Sonoma Avenue Building 3
Santa Rosa, CA 95405","-122.699991364665,","38.441077802519"
"PPHC90","625 Hilby Ave.
Seaside, CA 93955","-121.850664039657,","36.602287411297"
"PPHC91","435 Grand Avenue
South San Francisco, CA 94080","-122.413954404848,","37.655960596346"
"PPHC92","4555 Precissi Lane
Stockton, CA 95207","-121.315073914634,","37.988737220259"
"PPHC93","678 N Wilson Way #G
Stockton, CA 95205","-121.273711550737,","37.964024986889"
"PPHC94","1200 Hillcrest, Thousand Oaks, CA 91320","-118.858877567637,","34.181025921329"
"PPHC95","1441 N. Tracy Blvd.
Tracy, CA 95376","-121.435137123949,","37.743984857314"
"PPHC96","242-A Hospital Drive
Ukiah, CA 95482","-123.203719505653,","39.15246158679"
"PPHC97","918 W. Foothill Blvd., #A
Upland, CA 91786","-117.663260882061,","34.106917648967"
"PPHC98","303 Sacramento Street
Vallejo, CA 94590","-122.258388773505,","38.100738102459"
"PPHC99","7100 Van Nuys Blvd. #108
Van Nuys, CA 91405","-118.448688992278,","34.199422435201"
"PPHC100","5400 Ralston Street
Ventura, CA 93003","-119.217835894464,","34.259679254358"
"PPHC101","15403 Park Ave. E.
Victorville, CA 92392","-117.326521743668,","34.506453058377"
"PPHC102","
211 N. Stevenson Street
Visalia, CA 93291","-119.300013051494,","36.331567331387"
"PPHC103","1964 Via Centre
Vista, CA 92081","-117.28365022619,","33.184003125505"
"PPHC104","1357 Oakland Blvd.
Walnut Creek, CA 94596","-122.0702292033,","37.89776665253"
"PPHC105","398 South Green Valley Road
Watsonville, CA 95076","-121.776993027591,","36.93034445531"
"PPHC106","869 Westbourne Dr.
West Hollywood, CA 90069","-118.379689814308,","34.086225166167"
"PPHC107","14372 Beach Blvd.
Westminster, CA 92683","-117.989432968146,","33.753179220268"
"PPHC108","7655 Greenleaf Ave
Whittier, CA 90602","-118.037435310815,","33.972665942859"
"PPHC109","520 Cottonwood Street Suite 10
Woodland, CA 95695
","-121.793402030273,","38.675413196458"
"PPHC110","430 Palora Ave. #G
Yuba City, CA 95991","-121.633436098371,","39.128166707304"
