Site Name. sort ascending,Street Address. sort descending,Suite. sort descending,City. sort descending,County. sort descending,Health Center Site Population Type. sort descending,Description of Practice Site. sort descending
ACMC Highland Hospital,1411 E 31st St,,Oakland,Alameda,Urban,Federally Qualified Health Center (FQHC)/Comprehensive Health Center
ACMC Highland Hospital,1411 E 31st St,,Oakland,Alameda,Urban,Federally Qualified Health Center (FQHC)/Comprehensive Health Center
Adelanto Health Center,11336 Bartlett Avenue,Suite 11,Adelanto,San Bernardino,,Federally Qualified Health Center (FQHC)/Comprehensive Health Center
Adelanto Health Center,"11336 Bartlett Avenue, Suite 11",,Adelanto,San Bernardino,Rural,Federally Qualified Health Center (FQHC)/Comprehensive Health Center
Adolescent Clinic,5400 Telegraph Avenue,,Alameda,Alameda,,Federally Qualified Health Center (FQHC)/Comprehensive Health Center
AHS - Frank Kiang Medical Center,250 E 18th Street,,Oakland,Alameda,Urban,Federally Qualified Health Center (FQHC)/Comprehensive Health Center
AHS 835 Clinic,835 Webster Street,,Oakland,Alameda,Urban,Federally Qualified Health Center (FQHC)/Comprehensive Health Center
Alameda County HC Services - AHS Same Day Clinic,1411 E 31st St,,Oakland,Alameda,Urban,Federally Qualified Health Center (FQHC)/Comprehensive Health Center
Alliance Medical Center - Windsor,8465 Old Redwood Highway,Suite 320,Windsor,Sonoma,Rural,Federally Qualified Health Center (FQHC)/Comprehensive Health Center
"Alliance Medical Center, Inc",1381 University Street,,Healdsburg,Sonoma,Rural,Federally Qualified Health Center (FQHC)/Comprehensive Health Center
"Alliance Medical Center, Inc",1381 University Street,,Healdsburg,Sonoma,Rural,Federally Qualified Health Center (FQHC)/Comprehensive Health Center
"Alliance Medical Center, Inc. - Windsor","8465 Old Redwood Highway, Suite 320",,Windsor,Sonoma,Urban,Federally Qualified Health Center (FQHC)/Comprehensive Health Center
AltaMed - PACE El Monte,"10418 Valley Blvd., Ste A",,El Monte,Los Angeles,Urban,Federally Qualified Health Center (FQHC)/Comprehensive Health Center
AltaMed Clinic for Women,"1227 West 17th Street, Suite 101",,Santa Ana,Orange,Urban,Federally Qualified Health Center (FQHC)/Comprehensive Health Center
AltaMed General Pediatrics @ Children's Hospital,4650 W Sunset Blvd,,Los Angeles,Los Angeles,Urban,Federally Qualified Health Center (FQHC)/Comprehensive Health Center
AltaMed General Pediatrics at Children's Hospital Los Angeles,"4650 W Sunset Blvd, MS 76",,Los Angeles,Los Angeles,Urban,Federally Qualified Health Center (FQHC)/Comprehensive Health Center
AltaMed Health Services,1814 W Lincoln Ave Ste A & B,,Anaheim,Orange,Urban,Federally Qualified Health Center (FQHC)/Comprehensive Health Center
AltaMed Health Services,5427 E Whittier Blvd,,Los Angeles,Los Angeles,Urban,Federally Qualified Health Center (FQHC)/Comprehensive Health Center
AltaMed Health Services - Garden Grove,12751 Harbor Blvd.,,Garden Grove,Orange,Urban,Federally Qualified Health Center (FQHC)/Comprehensive Health Center
AltaMed Health Services- 1st Street,2219 E 1st St,,Los Angeles,Los Angeles,Urban,Federally Qualified Health Center (FQHC)/Comprehensive Health Center
AltaMed Health Services- 1st Street,2219 E 1st St,,Los Angeles,Los Angeles,,Federally Qualified Health Center (FQHC)/Comprehensive Health Center
AltaMed Health Services- El Modena,4010 E Chapman Ave Ste C,,Orange,Orange,Urban,Federally Qualified Health Center (FQHC)/Comprehensive Health Center
AltaMed Health Services PACE - Downey,12130 Paramount Blvd,,Downey,Los Angeles,Urban,Federally Qualified Health Center (FQHC)/Comprehensive Health Center
"AltaMed Medical & Dental Group - Anaheim, Lincoln",1814 W Lincoln Ave,,Anaheim,Orange,Urban,Federally Qualified Health Center (FQHC)/Comprehensive Health Center
"AltaMed Medical & Dental Group - Anaheim, Lincoln","1814 W Lincoln Avenue, Suites A & B",,Anaheim,Orange,Urban,Federally Qualified Health Center (FQHC)/Comprehensive Health Center
AltaMed Medical & Dental Group - Boyle Heights,3945 Whittier Boulevard,,Los Angeles,Los Angeles,Urban,Federally Qualified Health Center (FQHC)/Comprehensive Health Center
AltaMed Medical & Dental Group - Boyle Heights,3945 Whittier Boulevard,,Los Angeles,Los Angeles,Urban,Federally Qualified Health Center (FQHC)/Comprehensive Health Center
"AltaMed Medical & Dental Group - East Los Angeles, First Street",2219 E 1st Street,,Los Angeles,Los Angeles,Urban,Federally Qualified Health Center (FQHC)/Comprehensive Health Center
AltaMed Medical & Dental Group - El Monte,10418 Valley Boulevard,Suite B,El Monte,Los Angeles,Urban,Federally Qualified Health Center (FQHC)/Comprehensive Health Center
AltaMed Medical & Dental Group - El Monte,"10418 Valley Boulevard, Suite B",,El Monte,Los Angeles,,Federally Qualified Health Center (FQHC)/Comprehensive Health Center
AltaMed Medical & Dental Group - Huntington Beach,8041 Newman Avenue,,Huntington Beach,Orange,Urban,Federally Qualified Health Center (FQHC)/Comprehensive Health Center
AltaMed Medical & Dental Group - Huntington Beach,8041 Newman Avenue,,Huntington Beach,Orange,,Federally Qualified Health Center (FQHC)/Comprehensive Health Center
"AltaMed Medical & Dental Group: Bell, Atlantic",6901 S Atlantic Ave,,Bell,Los Angeles,Urban,Federally Qualified Health Center (FQHC)/Comprehensive Health Center
AltaMed Medical and Dental Group,3945 Whittier Blvd,,Los Angeles,Los Angeles,Urban,Federally Qualified Health Center (FQHC)/Comprehensive Health Center
AltaMed Medical and Dental Group - Bell,6901 Atlantic Ave,,Bell Gardens,Los Angeles,Urban,Federally Qualified Health Center (FQHC)/Comprehensive Health Center
AltaMed Medical and Dental Group - Huntington Beach,8041 Newman Avenue,,Huntington Beach,Orange,Urban,Federally Qualified Health Center (FQHC)/Comprehensive Health Center
AltaMed Medical and Dental Group - South Gate,8627 Atlantic Avenue,,South Gate,Los Angeles,Urban,Federally Qualified Health Center (FQHC)/Comprehensive Health Center
"AltaMed Medical and Dental Group: Santa Ana, Main",1400 N Main St,,Santa Ana,Orange,Urban,Federally Qualified Health Center (FQHC)/Comprehensive Health Center
"AltaMed Medical Group - Anaheim, Lincoln - West",1820 W Lincoln Ave,,Anaheim,Los Angeles,Urban,Federally Qualified Health Center (FQHC)/Comprehensive Health Center
AltaMed Medical Group - Commerce,5427 Whittier Blvd,,Los Angeles,Los Angeles,Urban,Federally Qualified Health Center (FQHC)/Comprehensive Health Center
AltaMed Medical Group - Commerce,5427 E Whittier Boulevard,,Los Angeles,Los Angeles,Urban,Federally Qualified Health Center (FQHC)/Comprehensive Health Center
AltaMed Medical Group - Estrada Courts,1305 Concord Street,#18,Los Angeles,Los Angeles,Urban,Federally Qualified Health Center (FQHC)/Comprehensive Health Center
AltaMed Medical Group - Estrada Courts,"1305 Concord Street, #18",,Los Angeles,Los Angeles,Urban,Federally Qualified Health Center (FQHC)/Comprehensive Health Center
AltaMed Medical Group - Garden Grove,12751 Harbor Boulevard,,Garden Grove,Orange,,Federally Qualified Health Center (FQHC)/Comprehensive Health Center
"AltaMed Medical Group - Garden Grove, Harbor",12751 Harbor Blvd,,Garden Grove,Orange,Urban,Federally Qualified Health Center (FQHC)/Comprehensive Health Center
AltaMed Medical Group - Huntington Park,1900 E. Slauson Ave,,Huntington Park,Los Angeles,Urban,Federally Qualified Health Center (FQHC)/Comprehensive Health Center
AltaMed Medical Group - Montebello,2321 W Whittier Blvd,,Montebello,Los Angeles,Urban,Federally Qualified Health Center (FQHC)/Comprehensive Health Center
AltaMed Medical Group - Orange,4010 E Chapman Avenue,,Orange,Orange,Urban,Federally Qualified Health Center (FQHC)/Comprehensive Health Center
AltaMed Medical Group - Pico Rivera,9436 Slauson Ave,,Pico Rivera,Los Angeles,Urban,Federally Qualified Health Center (FQHC)/Comprehensive Health Center
"AltaMed Medical Group - Pico Rivera, East Slauson",9436 E Slauson Avenue,,Pico Rivera,Los Angeles,Urban,Federally Qualified Health Center (FQHC)/Comprehensive Health Center
"AltaMed Medical Group - Pico Rivera, East Slauson",9436 E Slauson Avenue,,Pico Rivera,Los Angeles,Urban,Federally Qualified Health Center (FQHC)/Comprehensive Health Center
"AltaMed Medical Group - Pico Rivera, Passons",6336 Passons Blvd,,Pico Rovera,Los Angeles,Urban,Federally Qualified Health Center (FQHC)/Comprehensive Health Center
AltaMed Medical Group - Ramona Gardens,1424 Crusado Ln,# 168,Los Angeles,Los Angeles,Urban,Federally Qualified Health Center (FQHC)/Comprehensive Health Center
AltaMed Medical Group - Ramona Gardens,"1424 Crusado Lane, #168",,Los Angeles,Los Angeles,Urban,Federally Qualified Health Center (FQHC)/Comprehensive Health Center
AltaMed Medical Group - Santa Ana Main,1400 N Main Street,,Santa Ana,Orange,Urban,Federally Qualified Health Center (FQHC)/Comprehensive Health Center
"AltaMed Medical Group - Santa Ana, Bristol","2720 S. Bristol Street, Suite 110",,Santa Ana,Orange,,Federally Qualified Health Center (FQHC)/Comprehensive Health Center
"AltaMed Medical Group - Santa Ana, Central",1155 West Central Avenue,Suite 104-107,Santa Ana,Orange,Urban,Federally Qualified Health Center (FQHC)/Comprehensive Health Center
"AltaMed Medical Group - Santa Ana, Central","1155 West Central Avenue, Suites 104-107",,Santa Ana,Orange,,Federally Qualified Health Center (FQHC)/Comprehensive Health Center
AltaMed Medical Group - West Covina,1300 S Sunset Blvd,,West Covina,Los Angeles,Urban,Federally Qualified Health Center (FQHC)/Comprehensive Health Center
AltaMed Medical Group - West Covina,1300 S Sunset Blvd,,West Covina,Los Angeles,Urban,Federally Qualified Health Center (FQHC)/Comprehensive Health Center
AltaMed Medical Group - Westlake,"2105 Beverly Blvd., Suite 117",,Los Angeles,Los Angeles,Urban,Federally Qualified Health Center (FQHC)/Comprehensive Health Center
AltaMed Medical Group - William Mead,1330 Cardinal St,,Los Angeles,Los Angeles,Urban,Federally Qualified Health Center (FQHC)/Comprehensive Health Center
AltaMed Medical Group - William Mead,1330 Cardinal St,,Los Angeles,Los Angeles,Urban,Federally Qualified Health Center (FQHC)/Comprehensive Health Center
AltaMed Medical Group at Hollywood Presbyterian Medical Center,1300 N Vermont Ave,# 1st Floor,Los Angeles,Los Angeles,Urban,Federally Qualified Health Center (FQHC)/Comprehensive Health Center
AltaMed Medical Group at Hollywood Presbyterian Medical Center,"1300 North Vermont Avenue, Patient Tower, First Floor",,Los Angeles,Los Angeles,Urban,Federally Qualified Health Center (FQHC)/Comprehensive Health Center
AltaMed Medical Group- PACE,3820 Martin Luther King Jr Blvd,,Lynwood,Los Angeles,Urban,Federally Qualified Health Center (FQHC)/Comprehensive Health Center
AltaMed Medical Group- Santa Ana Main,1400 N Main St,,Santa Ana,Orange,Urban,Federally Qualified Health Center (FQHC)/Comprehensive Health Center
AltaMed Medical Group:  Santa Ana Bristol Clinic,2720 S. Bristol Street,Suite 110,Santa Ana,Orange,Urban,Federally Qualified Health Center (FQHC)/Comprehensive Health Center
"AltaMed Medical Group: Anaheim,  Lincoln - West",1820 W Lincoln Ave,,Anaheim,Los Angeles,Urban,Federally Qualified Health Center (FQHC)/Comprehensive Health Center
AltaMed Medical Group: Huntington Park,1900 E. Slauson Ave,,Huntington Park,Los Angeles,Urban,Federally Qualified Health Center (FQHC)/Comprehensive Health Center
AltaMed Medical Group: Montebello,2321 W Whittier Blvd,,Montebello,Los Angeles,Urban,Federally Qualified Health Center (FQHC)/Comprehensive Health Center
"AltaMed Medical Group: Orange, Chapman",4010 E Chapman Ave,Ste C,Orange,Orange,Urban,Federally Qualified Health Center (FQHC)/Comprehensive Health Center
"AltaMed Medical Group: Pico Rivera, Passons",6336 Passons Blvd,,Pico Rovera,Los Angeles,Urban,Federally Qualified Health Center (FQHC)/Comprehensive Health Center
AltaMed Medical Group: Westlake,2105 Beverly Blvd,Ste 117,Los Angeles,Los Angeles,Urban,Federally Qualified Health Center (FQHC)/Comprehensive Health Center
AltaMed PACE - Covina,535 South Second Avenue,,Covina,Los Angeles,Urban,Federally Qualified Health Center (FQHC)/Comprehensive Health Center
AltaMed PACE - Covina,535 South Second Avenue,,Covina,Los Angeles,Urban,Federally Qualified Health Center (FQHC)/Comprehensive Health Center
AltaMed PACE - Downey,12130 Paramount Blvd,,Downey,Los Angeles,Urban,Federally Qualified Health Center (FQHC)/Comprehensive Health Center
AltaMed PACE - East Los Angeles,5425 Pomona Blvd,,Los Angeles,Los Angeles,Urban,Federally Qualified Health Center (FQHC)/Comprehensive Health Center
AltaMed PACE - East Los Angeles,5425 Pomona Blvd,,Los Angeles,Los Angeles,Urban,Federally Qualified Health Center (FQHC)/Comprehensive Health Center
AltaMed PACE - El Monte,10418 Valley Boulevard,Suite A,El Monte,Los Angeles,Urban,Federally Qualified Health Center (FQHC)/Comprehensive Health Center
AltaMed PACE - Grand Plaza,701 E Cesar E Chavez Avenue,Ste 201,Los Angeles,Los Angeles,Urban,Federally Qualified Health Center (FQHC)/Comprehensive Health Center
AltaMed PACE - Grand Plaza,"701 West Cesar E Chavez Avenue, Ste 201",,Los Angeles,Los Angeles,Urban,Federally Qualified Health Center (FQHC)/Comprehensive Health Center
AltaMed PACE - Huntington Park,6330 Rugby Avenue,Suite 200,Huntington Park,Los Angeles,Urban,Federally Qualified Health Center (FQHC)/Comprehensive Health Center
AltaMed PACE - Huntington Park,1900 E. Slauson Avenue Suite B,,Huntington Beach,Los Angeles,Urban,Federally Qualified Health Center (FQHC)/Comprehensive Health Center
AltaMed PACE - Huntington Park,"6330 Rugby Avenue, Sutie 200",,Huntington Beach,Los Angeles,Urban,Federally Qualified Health Center (FQHC)/Comprehensive Health Center
AltaMed PACE - Lynwood,3820 Martin Luther King Jr Blvd,,Lynwood,Los Angeles,Urban,Federally Qualified Health Center (FQHC)/Comprehensive Health Center
AltaMed PACE - Lynwood,3820 Martin Luther King Jr. Boulevard,,Lynwood,Los Angeles,Urban,Federally Qualified Health Center (FQHC)/Comprehensive Health Center
AltaMed PACE - South Los Angeles,1776 E Century Blvd,,Los Angeles,Los Angeles,Urban,Federally Qualified Health Center (FQHC)/Comprehensive Health Center
AltaMed PACE - South Los Angeles,1776 E Century Blvd,,Los Angeles,Los Angeles,Urban,Federally Qualified Health Center (FQHC)/Comprehensive Health Center
AltaMed-Santa Ana/Bristol,"2720 S. Bristol Street, Suite 110",,Santa Ana,Orange,Urban,Federally Qualified Health Center (FQHC)/Comprehensive Health Center
Ampla Health,935 Market St,,Yuba City,Sutter,Rural,Federally Qualified Health Center (FQHC)/Comprehensive Health Center
Ampla Health Hamilton City Medical,278 Main St,,Hamilton City,Glenn,Rural,Federally Qualified Health Centers (FQHC)
Ampla Health North Chico Medical,100 Independence Circle Chico,,Chico,Butte,Urban,Federally Qualified Health Centers (FQHC)
Ampla Health North Plumas Medical,1231 Plumas Street,,Yuba City,Sutter,Urban,Federally Qualified Health Centers (FQHC)
Ampla Health South Chico Medical,2216 Fair Street,,Chico,Butte,Urban,Federally Qualified Health Centers (FQHC)
Anderson Family Health & Dental Center,2801 Silver Street,,Anderson,Shasta,Rural,Federally Qualified Health Center (FQHC)/Comprehensive Health Center
Anderson Family Health & Dental Center,2801 Silver Street,,Anderson,Shasta,Rural,Federally Qualified Health Center (FQHC)/Comprehensive Health Center
Anderson Valley Health Center,13500 Airport Road,PO Box 338,Boonville,Mendocino,Rural,Federally Qualified Health Center (FQHC)/Comprehensive Health Center
Anderson Valley Health Center,13500 Airport Road PO Box 338,,Boonville,Mendocino,Rural,Federally Qualified Health Center (FQHC)/Comprehensive Health Center
Aria Community Health Center - Stratford,20326 Main Street,,Stratford,Kings,Rural,Federally Qualified Health Center (FQHC)/Comprehensive Health Center
Aria Community Health Center - Stratford,20326 Main Street,,Stratford,Kings,Rural,Federally Qualified Health Center (FQHC)/Comprehensive Health Center
Aria Community Health Center Lemoore,140 C Street,,Lemoore,Kings,Rural,Federally Qualified Health Center (FQHC)/Comprehensive Health Center
Arlanza Family Health Center,8856 Arlington Ave,,Riverside,Riverside,Urban,Federally Qualified Health Center (FQHC)/Comprehensive Health Center
Asian Americans for Community Involvement,2400 Moorpark Ave.,Suite 300,San Jose,Santa Clara,Urban,Federally Qualified Health Center (FQHC)/Comprehensive Health Center
Asian Americans for Community Involvement,"2400 Moorpark Ave., Suite 300",,San Jose,Santa Clara,Urban,Federally Qualified Health Center (FQHC)/Comprehensive Health Center
ASIAN HEALTH SERVICES,818 Webster Street,,Oakland,Alameda,Urban,Federally Qualified Health Center (FQHC)/Comprehensive Health Center
Asian Health Services,818 Webster St.,,Oakland,Alameda,Urban,Federally Qualified Health Center (FQHC)/Comprehensive Health Center
Asian Health Services - 835 Clinic,835 Webster Street,,Oakland,Alameda,Urban,Federally Qualified Health Center (FQHC)/Comprehensive Health Center
Asian Health Services - Frank Kiang Medical Center,250 E 18th Street,,Oakland,Alameda,Urban,Federally Qualified Health Center (FQHC)/Comprehensive Health Center
Asian Health Services- Peralta Wellness Center,900 Fallon Street,Suite 410A,Oakland,Alameda,Urban,Federally Qualified Health Centers (FQHC)
Avenal Community Health Center,1000 Skyline Boulevard,PO Box 700,Avenal,Kings,Rural,Federally Qualified Health Center (FQHC)/Comprehensive Health Center
Avenal Community Health Center,"1000 Skyline Boulevard, PO Box 700",,Avenal,Kings,Rural,Federally Qualified Health Center (FQHC)/Comprehensive Health Center
Avenal Community Health Center - Kettleman City,75 5th Street,,Kettleman City,Kings,Rural,Federally Qualified Health Center (FQHC)/Comprehensive Health Center
Avenal Community Health Center - Kettleman City,75 5th Street,,Kettleman City,Kings,Rural,Federally Qualified Health Center (FQHC)/Comprehensive Health Center
Avenal Community Health Center - Lemoore,140 C Street,,Lemoore,Kings,Rural,Federally Qualified Health Center (FQHC)/Comprehensive Health Center
Avenal Community Health Center - Riverdale,3554 W Mount Whitney Avenue,,Riverdale,Fresno,Rural,Federally Qualified Health Center (FQHC)/Comprehensive Health Center
Avenal Community Health Center - Riverdale,3554 W Mount Whitney Avenue,,Riverdale,Fresno,Rural,Federally Qualified Health Center (FQHC)/Comprehensive Health Center
Axis Community Health,4361 Railroad Ave,,Pleasanton,Alameda,Urban,Federally Qualified Health Center (FQHC)/Comprehensive Health Center
Axis Community Health,4361 Railroad Ave,,Pleasanton,Alameda,Urban,Federally Qualified Health Center (FQHC)/Comprehensive Health Center
Beach Area Family Health Center,3075 Mission Boulevard,,San Diego,San Diego,Urban,Federally Qualified Health Center (FQHC)/Comprehensive Health Center
Beach Area Family Health Center,3075 Mission Boulevard,,San Diego,San Diego,,Federally Qualified Health Center (FQHC)/Comprehensive Health Center
Beach Area Women's Health Center,3690 Mission Boulevard,,San Diego,San Diego,Urban,Federally Qualified Health Center (FQHC)/Comprehensive Health Center
Beach Area Women's Health Center,3690 Mission Boulevard,,San Diego,San Diego,,Federally Qualified Health Center (FQHC)/Comprehensive Health Center
Bentley Health Center,12619 Bentley St,,Waterford,Stanislaus,,Federally Qualified Health Center (FQHC)/Comprehensive Health Center
Bolinas Family Practice,88 Mesa Road,PO Box 1038,Bolinas,Marin,Rural,Federally Qualified Health Center (FQHC)/Comprehensive Health Center
Bolinas Family Practice,88 Mesa Rd PO Box 1038,,Bolinas,Marin,Rural,Federally Qualified Health Center (FQHC)/Comprehensive Health Center
Borrego Community Health - Anza Health Center,58581 US Highway 371,,Anza,Riverside,Rural,Federally Qualified Health Center (FQHC)/Comprehensive Health Center
Borrego Community Health - Centro Medico Cathedral City,69175 Ramon Rd. Suite A,,Cathedral City,Riverside,Urban,Federally Qualified Health Center (FQHC)/Comprehensive Health Center
Borrego Community Health - Centro Medico Coachella,55497 Van Buren St.,,Thermal,Riverside,,Federally Qualified Health Center (FQHC)/Comprehensive Health Center
Borrego Community Health - Centro Medico El Cajon,133 W. Main St.,,El Cajon,San Diego,Urban,Federally Qualified Health Center (FQHC)/Comprehensive Health Center
Borrego Community Health - Escondido,1121 East Washington Ave,,Escondido,San Diego,,Federally Qualified Health Center (FQHC)/Comprehensive Health Center
Borrego Health- Eastside Health Center,1970 University Ave.,,Riverside,Riverside,,Federally Qualified Health Center (FQHC)/Comprehensive Health Center
Borrego Health Specialty Care Center - Desert Hot Springs,12-520 Palm Dr.,,Desert Hot Springs,Riverside,Urban,Federally Qualified Health Center (FQHC)/Comprehensive Health Center
Borrego Health-Arlanza Family Health Center,8856 Arlington Ave.,,Riverside,Riverside,,Federally Qualified Health Center (FQHC)/Comprehensive Health Center
Camarena Health- Chowchilla,401 Trinity Ave,,Chowchilla,Madera,Rural,Federally Qualified Health Center (FQHC)/Comprehensive Health Center
Camino Health Center,30300 Camino Capistrano,,San Juan Capistrano,Orange,Urban,Federally Qualified Health Center (FQHC)/Comprehensive Health Center
Camino Health Center,30300 Camino Capistrano,,San Juan Capistrano,Orange,Urban,Federally Qualified Health Center (FQHC)/Comprehensive Health Center
Camino Health Center,30300 Camino Capistrano,,San Juan Capistrano,Orange,,Federally Qualified Health Center (FQHC)/Comprehensive Health Center
Camino Health Center,30300 Camino Capistrano,,San Juan Capistrano,Orange,,Federally Qualified Health Center (FQHC)/Comprehensive Health Center
Camino Health Center - Rockfield Blvd,23832 Rockfield Blvd,,Lake Forest,Orange,,Federally Qualified Health Center (FQHC)/Comprehensive Health Center
Camino Health Center - San Clemente,1031 Avenida Pico,,San Clemente,Orange,Urban,Federally Qualified Health Center (FQHC)/Comprehensive Health Center
Camino Health Center - San Juan Capistrano,30300 Camino Capistrano,,San Juan Capistrano,Orange,,Federally Qualified Health Center (FQHC)/Comprehensive Health Center
Camino Health Center- Rockfield Blvd,23832 Rockfield Blvd,,Lake Forest,Orange,Urban,Federally Qualified Health Center (FQHC)/Comprehensive Health Center
Camino Health Center- San Clemente,1031 Avenida Pico,,San Clemente,Orange,Urban,Federally Qualified Health Center (FQHC)/Comprehensive Health Center
Center for Vunerable Child,5275 Claremont Avenue,,Oakland,Alameda,Urban,Federally Qualified Health Center (FQHC)/Comprehensive Health Center
Channel Medical Center,701 E Channel St PO Box 779,,Stockton,San Joaquin,Rural,Federally Qualified Health Center (FQHC)/Comprehensive Health Center
ChapCare Lake,1800 N Lake Ave,,Pasadena,Los Angeles,Urban,Federally Qualified Health Center (FQHC)/Comprehensive Health Center
Chase Avenue Family Health Center,1111 W. Chase Avenue,,El Cajon,San Diego,Urban,Federally Qualified Health Center (FQHC)/Comprehensive Health Center
Chase Avenue Family Health Center,1111 W. Chase Avenue,,El Cajon,San Diego,,Federally Qualified Health Center (FQHC)/Comprehensive Health Center
"CHC - Euclid Family Center (Medical, Behavior Health)","286 Euclid Avenue, Ste. 308",,San Diego,San Diego,Urban,Federally Qualified Health Center (FQHC)/Comprehensive Health Center
CHCCC - Arbor,"1418 E Main Street, Suite 210",,Santa Maria,Santa Barbara,,Federally Qualified Health Center (FQHC)/Comprehensive Health Center
CHCCC - Atascadero,7512 Morro Rd,,Atascadero,San Luis Obispo,Urban,Federally Qualified Health Center (FQHC)/Comprehensive Health Center
CHCCC - Atascadero,7512 Morro Road,,Atascadero,San Luis Obispo,,Federally Qualified Health Center (FQHC)/Comprehensive Health Center
CHCCC - Cambria,2515 Main Street,,Cambria,San Luis Obispo,Rural,Federally Qualified Health Center (FQHC)/Comprehensive Health Center
CHCCC - Cambria,2515 Main Street,,Cambria,San Luis Obispo,,Federally Qualified Health Center (FQHC)/Comprehensive Health Center
CHCCC - Del Valle,430 S Blosser Road,,Santa Maria,Santa Barbara,Urban,Federally Qualified Health Center (FQHC)/Comprehensive Health Center
CHCCC - Del Valle,430 S Blosser Road,,Santa Maria,Santa Barbara,,Federally Qualified Health Center (FQHC)/Comprehensive Health Center
CHCCC - Nipomo,150 Tejas Place,,Nipomo,San Luis Obispo,Rural,Federally Qualified Health Center (FQHC)/Comprehensive Health Center
CHCCC - Nipomo,150 Tejas Place,,Nipomo,San Luis Obispo,,Federally Qualified Health Center (FQHC)/Comprehensive Health Center
CHCCC - Paso Robles,416 Spring Street,,Paso Robles,San Luis Obispo,Rural,Federally Qualified Health Center (FQHC)/Comprehensive Health Center
CHCCC - Paso Robles,416 Spring Street,,Paso Robles,San Luis Obispo,,Federally Qualified Health Center (FQHC)/Comprehensive Health Center
Children's Hospital & Research Center Oakland - Department of Psychiatry,770 53rd Street,,Oakland,Alameda,Urban,Federally Qualified Health Center (FQHC)/Comprehensive Health Center
Children's Hospital & Research Center Oakland - Department of Psychiatry,770 53rd Street,,Oakland,Alameda,,Federally Qualified Health Center (FQHC)/Comprehensive Health Center
Children's Hospital & Research Center Oakland - Primary Care,5220 Claremont Avenue,,Oakland,Alameda,Urban,Federally Qualified Health Center (FQHC)/Comprehensive Health Center
Chula Vista Family Health Center,251 Landis Avenue,,Chula Vista,San Diego,Urban,Federally Qualified Health Center (FQHC)/Comprehensive Health Center
Chula Vista Family Health Center,251 Landis Avenue,,Chula Vista,San Diego,,Federally Qualified Health Center (FQHC)/Comprehensive Health Center
Chula Vista Medical Plaza,678 3rd Avenue,,Chula Vista,San Diego,Urban,Federally Qualified Health Center (FQHC)/Comprehensive Health Center
City Heights Family Health Center,5454 El Cajon Boulevard,,San Diego,San Diego,Urban,Federally Qualified Health Center (FQHC)/Comprehensive Health Center
City Heights Family Health Center,5454 El Cajon Boulevard,,San Diego,San Diego,,Federally Qualified Health Center (FQHC)/Comprehensive Health Center
Clinica Alta Vista,1515 Fruitvale Ave,,Oakland,Alameda,,Federally Qualified Health Center (FQHC)/Comprehensive Health Center
Clinica Alta Vista,1515 Fruitvale Ave,,Oakland,Alameda,Urban,Federally Qualified Health Center (FQHC)/Comprehensive Health Center
Clinica de Salud del Valle - Circle Clinic,950 Circle Dr,,Salinas,Monterey,Urban,Federally Qualified Health Center (FQHC)/Comprehensive Health Center
Clinica de Salud del Valle de Salinas - Airport,440 Airport Blvd,,Salinas,Monterey,Urban,Federally Qualified Health Center (FQHC)/Comprehensive Health Center
Clinica de Salud del Valle de Salinas - Airport,440 Airport Blvd,,Salinas,Monterey,Urban,Federally Qualified Health Center (FQHC)/Comprehensive Health Center
Clinica de Salud del Valle de Salinas - Castroville,10561 Merritt St,,Castroville,Monterey,Rural,Federally Qualified Health Center (FQHC)/Comprehensive Health Center
Clinica de Salud del Valle de Salinas - Castroville,10561 Merritt Street,,Castroville,Monterey,Rural,Federally Qualified Health Center (FQHC)/Comprehensive Health Center
Clinica de Salud del Valle de Salinas - Circle,950 Circle Drive,,Salinas,Monterey,Urban,Federally Qualified Health Center (FQHC)/Comprehensive Health Center
Clinica de Salud del Valle de Salinas - Greenfield,808 Oak Avenue,,Greenfield,Monterey,Rural,Federally Qualified Health Center (FQHC)/Comprehensive Health Center
Clinica de Salud del Valle de Salinas - King City,122 E San Antonio Dr,,King City,Monterey,Rural,Federally Qualified Health Center (FQHC)/Comprehensive Health Center
Clinica de Salud del Valle de Salinas - King City,122 San Antonio Drive,,King City,Monterey,Rural,Federally Qualified Health Center (FQHC)/Comprehensive Health Center
Clinica de Salud del Valle de Salinas - Pajaro,29-A Bishop Road,,Pajaro,Monterey,Rural,Federally Qualified Health Center (FQHC)/Comprehensive Health Center
Clinica de Salud del Valle de Salinas - Sanborn,219 N Sanborn Rd,,Salinas,Monterey,Urban,Federally Qualified Health Center (FQHC)/Comprehensive Health Center
Clinica de Salud del Valle de Salinas - Sanborn,219 N Sanborn Road,,Salinas,Monterey,Urban,Federally Qualified Health Center (FQHC)/Comprehensive Health Center
Clinica de Salud del Valle de Salinas - Soledad,799 Front St,,Soledad,Monterey,Rural,Federally Qualified Health Center (FQHC)/Comprehensive Health Center
Clinica de Salud del Valle de Salinas - Soledad,799 Front Street,,Soledad,Monterey,Rural,Federally Qualified Health Center (FQHC)/Comprehensive Health Center
Clinica de Salud del Valle de Salinas- Alvin,620 E Alvin Dr Ste G,,Salinas,Monterey,Urban,Federally Qualified Health Center (FQHC)/Comprehensive Health Center
Clinica de Salud del Valle de Salinas- Castroville,10561 Merritt St,,Castroville,Monterey,Rural,Federally Qualified Health Center (FQHC)/Comprehensive Health Center
Clinica de Salud del Valle de Salinas- Circle,950 Circle Dr,,Salinas,Monterey,Urban,Federally Qualified Health Center (FQHC)/Comprehensive Health Center
Clinica de Salud del Valle de Salinas- Greenfield,808 Oak Ave,,Greenfield,Monterey,Rural,Federally Qualified Health Center (FQHC)/Comprehensive Health Center
Clinica de Salud del Valle de Salinas- King City,223 Bassett St,,King City,Monterey,Rural,Federally Qualified Health Center (FQHC)/Comprehensive Health Center
Clinica de Salud del Valle de Salinas- Sanborn,219 N Sanborn Rd,,Salinas,Monterey,Urban,Federally Qualified Health Center (FQHC)/Comprehensive Health Center
Clinica de Salud del Valle de Salinas- Soledad,799 Front St,,Soledad,Monterey,Rural,Federally Qualified Health Center (FQHC)/Comprehensive Health Center
Clinica de Salud del Valle de Salinas-Pajaro Clinic,29-A Bishop Road,,Pajaro,Monterey,Rural,Federally Qualified Health Center (FQHC)/Comprehensive Health Center
Clinica Del Valle Del Pajaro,45 Nielson St,,Watsonville,Santa Cruz,Urban,Federally Qualified Health Center (FQHC)/Comprehensive Health Center
Clinica Monsenor Oscar Romero,123 S Alvarado St,,Los Angeles,Los Angeles,Urban,Federally Qualified Health Center (FQHC)/Comprehensive Health Center
Clinica Sierra Vista - Elm Community Health,2790 South Elm Avenue,,Fresno,Fresno,Rural,Federally Qualified Health Centers (FQHC)
Clinica Sierra Vista - Gaston Middle School Health and Wellness Center,1120 E Church Avenue,,Fresno,Fresno,Rural,Federally Qualified Health Center (FQHC)/Comprehensive Health Center
Clinica Sierra Vista - Mobile Health,815 Dr Martin Luther King Jr Blvd,,Bakersfield,Kern,Urban,Federally Qualified Health Centers (FQHC)
Clinica Sierra Vista Regional Medical Center,2505 E Divisadero St,,Fresno,Fresno,Rural,Federally Qualified Health Center (FQHC)/Comprehensive Health Center
CLINICAS DE SALUD DEL PUEBLO- WEST SHORES HEALTH CLINIC,1289 S Marina Dr,Ste A,Salton City,Imperial,Rural,Federally Qualified Health Centers (FQHC)
Clinicas del Camino Real - North Oxnard,"1300 N. Ventura Rd., #6",,Oxnard,Ventura,Urban,Federally Qualified Health Center (FQHC)/Comprehensive Health Center
Clinicas del Camino Real - Oxnard,650 Meta Street,,Oxnard,Ventura,Urban,Federally Qualified Health Center (FQHC)/Comprehensive Health Center
"Clinicas del Camino Real, Inc.","200 S. Wells Road, Suite 200",,Ventura,Ventura,Rural,Federally Qualified Health Center (FQHC)/Comprehensive Health Center
"Clinicas del Camino Real, Inc. - El Rio",221 Ventura Blvd,,Oxnard,Ventura,Urban,Federally Qualified Health Center (FQHC)/Comprehensive Health Center
"Clinicas del Camino Real, Inc. - El Rio",221 Ventura Blvd,,Oxnard,Ventura,Urban,Federally Qualified Health Center (FQHC)/Comprehensive Health Center
"Clinicas del Camino Real, Inc. - Fillmore",355 Central Ave,,Fillmore,Ventura,Rural,Federally Qualified Health Center (FQHC)/Comprehensive Health Center
"Clinicas del Camino Real, Inc. - Fillmore",355 Central Ave,,Fillmore,Ventura,Rural,Federally Qualified Health Center (FQHC)/Comprehensive Health Center
"Clinicas del Camino Real, Inc. - Maravilla",450 W. Clara Street,,Oxnard,Ventura,Urban,Federally Qualified Health Center (FQHC)/Comprehensive Health Center
"Clinicas del Camino Real, Inc. - Maravilla",450 W. Clara Street,,Oxnard,Ventura,Urban,Federally Qualified Health Center (FQHC)/Comprehensive Health Center
"Clinicas del Camino Real, Inc. - Moorpark",4279 Tierra Rejada Rd,,Moorpark,Ventura,Urban,Federally Qualified Health Center (FQHC)/Comprehensive Health Center
"Clinicas del Camino Real, Inc. - Moorpark",4279 Tierra Rejada Rd,,Moorpark,Ventura,Urban,Federally Qualified Health Center (FQHC)/Comprehensive Health Center
"Clinicas del Camino Real, Inc. - Newbury Park",1000 Newbury Rd,Ste 150,Newbury,Ventura,Urban,Federally Qualified Health Center (FQHC)/Comprehensive Health Center
"Clinicas del Camino Real, Inc. - Newbury Park","1000 Newbury Rd, Ste 150",,Newbury,Ventura,Urban,Federally Qualified Health Center (FQHC)/Comprehensive Health Center
"Clinicas del Camino Real, Inc. - Ocean View",4400 Olds Roads,,Oxnard,Ventura,Urban,Federally Qualified Health Center (FQHC)/Comprehensive Health Center
"Clinicas del Camino Real, Inc. - Ocean View",4400 Olds Roads,,Oxnard,Ventura,Urban,Federally Qualified Health Center (FQHC)/Comprehensive Health Center
"Clinicas del Camino Real, Inc. - Ojai",1200 Maricopa Highway,,Ojai,Ventura,Rural,Federally Qualified Health Center (FQHC)/Comprehensive Health Center
"Clinicas del Camino Real, Inc. - Santa Paula",500 E Main Street,,Santa Paula,Ventura,Rural,Federally Qualified Health Center (FQHC)/Comprehensive Health Center
"Clinicas del Camino Real, Inc. - Santa Paula",500 E Main Street,,Santa Paula,Ventura,Rural,Federally Qualified Health Center (FQHC)/Comprehensive Health Center
"Clinicas del Camino Real, Inc. - Simi Valley Madera",1424 Madera Blvd Rd,,Simi Valley,Ventura,Urban,Federally Qualified Health Center (FQHC)/Comprehensive Health Center
"Clinicas del Camino Real, Inc. - Simi Valley Madera",1424 Madera Blvd Rd,,Simi Valley,Ventura,Urban,Federally Qualified Health Center (FQHC)/Comprehensive Health Center
CMC Los Robles,325 Posada Lane,Suites A-C,Templeton,San Luis Obispo,Rural,Federally Qualified Health Center (FQHC)/Comprehensive Health Center
CMC Los Robles,325 Posada Lane Suites A-C,,Templeton,San Luis Obispo,,Federally Qualified Health Center (FQHC)/Comprehensive Health Center
Coastal Health Alliance,65 Third St.,Suite 13 17 21 23,Point Reyes Station,Marin,Rural,Federally Qualified Health Center (FQHC)/Comprehensive Health Center
Coastal Health Alliance,"65 Third St. Suite 13, 17, 21, 23",,Point Reyes Station,Marin,Rural,Federally Qualified Health Center (FQHC)/Comprehensive Health Center
Community Health Alliance of Pasadena,455 W Montana Street,,Pasadena,Los Angeles,Urban,Federally Qualified Health Center (FQHC)/Comprehensive Health Center
Community Health Alliance of Pasadena,455 W Montana Street,,Pasadena,Los Angeles,Urban,Federally Qualified Health Center (FQHC)/Comprehensive Health Center
Community Health Alliance of Pasadena - Del Mar,3160 E Del Mar Boulevard,,Pasadena,Los Angeles,Urban,Federally Qualified Health Center (FQHC)/Comprehensive Health Center
Community Health Alliance of Pasadena - Del Mar,3160 E Del Mar Blvd,,Pasadena,Los Angeles,Urban,Federally Qualified Health Center (FQHC)/Comprehensive Health Center
Community Health Alliance of Pasadena - Del Mar,3160 E Del Mar Boulevard,,Pasadena,Los Angeles,Urban,Federally Qualified Health Center (FQHC)/Comprehensive Health Center
Community Health Alliance of Pasadena - El Monte,10408 Vacco Street,Suite A,South El Monte,Los Angeles,Urban,Federally Qualified Health Center (FQHC)/Comprehensive Health Center
Community Health Alliance of Pasadena - Lake Ave.,1800 N Lake Ave,,Pasadena,Los Angeles,Urban,Federally Qualified Health Center (FQHC)/Comprehensive Health Center
Community Health Alliance of Pasadena - Lake Avenue,1800 N Lake Avenue,,Pasadena,Los Angeles,Urban,Federally Qualified Health Center (FQHC)/Comprehensive Health Center
Community Health Alliance of Pasadena - Vacco,"10408 Vacco Street, Suite A",,South El Monte,Los Angeles,Urban,Federally Qualified Health Center (FQHC)/Comprehensive Health Center
Community Health Allliance of Pasadena - Fair Oaks,1855 N Fair Oaks Avenue,Suite 200,Pasadena,Los Angeles,Urban,Federally Qualified Health Center (FQHC)/Comprehensive Health Center
Community Health Allliance of Pasadena - Fair Oaks,"1855 N Fair Oaks Avenue, Suite 200",,Pasadena,Los Angeles,Urban,Federally Qualified Health Center (FQHC)/Comprehensive Health Center
Community Health Allliance of Pasadena- Fair Oaks,1855 N Fair Oaks Ave Suite 200,,Pasadena,Los Angeles,Urban,Federally Qualified Health Center (FQHC)/Comprehensive Health Center
Community Health Centers - Bishop,1551 Bishop St A110 A160,,San Luis Obispo,San Luis Obispo,Rural,Federally Qualified Health Center (FQHC)/Comprehensive Health Center
Community Health Centers - Bishop,"1551 Bishop St A110, A160",,San Luis Obispo,San Luis Obispo,Rural,Federally Qualified Health Center (FQHC)/Comprehensive Health Center
Community Health Centers - Cambria,2515 Main St,,Cambria,San Luis Obispo,Rural,Federally Qualified Health Center (FQHC)/Comprehensive Health Center
Community Health Centers - Casa Street,77 Casa Street,Suite 201,San Luis Obispo,San Luis Obispo,Rural,Federally Qualified Health Center (FQHC)/Comprehensive Health Center
Community Health Centers - Casa Street,"77 Casa Street, Suite 201",,San Luis Obispo,San Luis Obispo,Rural,Federally Qualified Health Center (FQHC)/Comprehensive Health Center
Community Health Centers - Lompoc,425 W. Central Ave.,,Lompoc,Santa Barbara,Rural,Federally Qualified Health Center (FQHC)/Comprehensive Health Center
Community Health Centers - Paso Robles II,416 Spring St,,Paso Robles,San Luis Obispo,Urban,Federally Qualified Health Center (FQHC)/Comprehensive Health Center
Community Health Centers - San Miguel,1385 Mission St,,San Miguel,San Luis Obispo,Rural,Federally Qualified Health Center (FQHC)/Comprehensive Health Center
Community Health Centers - San Miguel,1385 Mission St,,San Miguel,San Luis Obispo,Rural,Federally Qualified Health Center (FQHC)/Comprehensive Health Center
COMMUNITY HEALTH CENTERS ARBOR,1418 E Main Street,Suite 210,Santa Maria,Santa Barbara,Urban,Federally Qualified Health Center (FQHC)/Comprehensive Health Center
Community Health Centers- Nipomo,150 Tejas Pl,,Nipomo,San Luis Obispo,Rural,Federally Qualified Health Center (FQHC)/Comprehensive Health Center
Community Health Centers of the Central Coast,2050 S Blosser Road,,Santa Maria,Santa Barbara,Urban,Federally Qualified Health Center (FQHC)/Comprehensive Health Center
Community Health Centers of the Central Coast,2050 S Blosser Road,,Santa Maria,Santa Barbara,Urban,Federally Qualified Health Center (FQHC)/Comprehensive Health Center
Community Health Centers of the Central Coast - Santa Maria,2801 Santa Maria Way,,Santa Maria,Santa Barbara,Urban,Federally Qualified Health Center (FQHC)/Comprehensive Health Center
Community Health Centers- Paso Robles,345 Spring St,,Paso Robles,San Luis Obispo,Rural,Federally Qualified Health Center (FQHC)/Comprehensive Health Center
Community Health Centers-Templeton,325 Posada Ln,,Templeton,San Luis Obispo,Rural,Federally Qualified Health Center (FQHC)/Comprehensive Health Center
Community Health Clinic Ole - Ob-Gyn,1100 Trancas Street,Suite 250,Napa,Napa,Urban,Federally Qualified Health Centers (FQHC)
Community Health Clinic Ole- Calistoga,911 Washington St,,Calistoga,Napa,Rural,Federally Qualified Health Centers (FQHC)
Community Health Clinic Ole- St. Helena,1222 Pine Street,Suite A,St. Helena,Napa,Rural,Federally Qualified Health Centers (FQHC)
Community Health Clinic Ole-Hope Center,1301 4th St,,Napa,Napa,Urban,Federally Qualified Health Centers (FQHC)
Community Medical Center - Hammer Lane,1721 E Hammer Ln PO Box 779,,Stockton,San Joaquin,Urban,Federally Qualified Health Center (FQHC)/Comprehensive Health Center
Community Medical Center - Vacaville,600 Nut Tree Rd Suite 310,,Vacaville,Solano,Urban,Federally Qualified Health Center (FQHC)/Comprehensive Health Center
Community Medical Centers - Dorothy Jones,2044 Fair Street,,Stockton,San Joaquin,Urban,Federally Qualified Health Center (FQHC)/Comprehensive Health Center
Community Medical Centers - Dorothy Jones,2044 Fair Street,,Stockton,San Joaquin,,Federally Qualified Health Center (FQHC)/Comprehensive Health Center
Community Medical Centers - E. March Lane,1801 E. March Ln.,Suite D-470,Stockton,San Joaquin,Urban,Federally Qualified Health Center (FQHC)/Comprehensive Health Center
Community Medical Centers - E. March Lane,"1801 E. March Ln., Ste. D-470",,Stockton,San Joaquin,,Federally Qualified Health Center (FQHC)/Comprehensive Health Center
Community Medical Centers - Hammer Lane,1721 E Hammer Ln,PO Box 779,Stockton,San Joaquin,Urban,Federally Qualified Health Center (FQHC)/Comprehensive Health Center
Community Medical Centers - Manteca,200 Cottage Ave,Suite 103,Manteca,San Joaquin,Urban,Federally Qualified Health Center (FQHC)/Comprehensive Health Center
Community Medical Centers - Manteca,200 Cottage Ave Suite 103,,Manteca,San Joaquin,Urban,Federally Qualified Health Center (FQHC)/Comprehensive Health Center
Community Medical Centers - Mariposa,2003 E Mariposa Rd PO Box 779,,Stockton,San Joaquin,Rural,Federally Qualified Health Center (FQHC)/Comprehensive Health Center
"Community Medical Centers, Inc- Gleason House",423 S San Joaquin St,,Stockton,San Joaquin,Urban,Federally Qualified Health Center (FQHC)/Comprehensive Health Center
"Community Medical Centers, Inc.",7210 Murray Drive,,Stockton,San Joaquin,Urban,Federally Qualified Health Center (FQHC)/Comprehensive Health Center
"Community Medical Centers, Inc.",7210 Murray Drive,,Stockton,San Joaquin,,Federally Qualified Health Center (FQHC)/Comprehensive Health Center
"Community Medical Centers, Inc. - Channel Medical Center",701 E Channel St,,Stockton,San Joaquin,Urban,Federally Qualified Health Center (FQHC)/Comprehensive Health Center
"Community Medical Centers, Inc. - Channel Medical Center",701 E Channel Street,,Stockton,San Joaquin,,Federally Qualified Health Center (FQHC)/Comprehensive Health Center
"Community Medical Centers, Inc. - Dixon Family Practice",131 W A Street,Suite 1,Dixon,Solano,Rural,Federally Qualified Health Center (FQHC)/Comprehensive Health Center
"Community Medical Centers, Inc. - Dixon Family Practice","131 W A Street, Suite 1",,Dixon,Solano,,Federally Qualified Health Center (FQHC)/Comprehensive Health Center
"Community Medical Centers, Inc. - Gleason House",423 S San Joaquin Street,,Stockton,San Joaquin,Urban,Federally Qualified Health Center (FQHC)/Comprehensive Health Center
"Community Medical Centers, Inc. - Gleason House",423 S San Joaquin Street,,Stockton,San Joaquin,,Federally Qualified Health Center (FQHC)/Comprehensive Health Center
"Community Medical Centers, Inc. - King Family Center Health Clinic",2640 E Lafayette St,,Stockton,San Joaquin,Urban,Federally Qualified Health Center (FQHC)/Comprehensive Health Center
"Community Medical Centers, Inc. - King Family Center Health Clinic",2640 E Lafayette Street,,Stockton,San Joaquin,,Federally Qualified Health Center (FQHC)/Comprehensive Health Center
"Community Medical Centers, Inc. - Lawrence Family Center and Clinic",721 Calaveras St,,Lodi,San Joaquin,Rural,Federally Qualified Health Center (FQHC)/Comprehensive Health Center
"Community Medical Centers, Inc. - Lawrence Family Center and Clinic",721 Calaveras Street,,Lodi,San Joaquin,,Federally Qualified Health Center (FQHC)/Comprehensive Health Center
"Community Medical Centers, Inc. - Mariposa",2015 E Mariposa Rd,,Stockton,San Joaquin,Urban,Federally Qualified Health Center (FQHC)/Comprehensive Health Center
"Community Medical Centers, Inc. - Mariposa",2015 E Mariposa Road,,Stockton,San Joaquin,,Federally Qualified Health Center (FQHC)/Comprehensive Health Center
"Community Medical Centers, Inc. - Tracy Family Practice",730 Central Avenue,,Tracy,San Joaquin,Urban,Federally Qualified Health Center (FQHC)/Comprehensive Health Center
"Community Medical Centers, Inc. - Tracy Family Practice",730 Central Avenue,,Tracy,San Joaquin,,Federally Qualified Health Center (FQHC)/Comprehensive Health Center
"Community Medical Centers, Inc. - Vacaville",600 Nut Tree Road,Suite 310,Vacaville,Solano,Urban,Federally Qualified Health Center (FQHC)/Comprehensive Health Center
"Community Medical Centers, Inc. - Vacaville","600 Nut Tree Road, Suite 310",,Vacaville,Solano,Urban,Federally Qualified Health Center (FQHC)/Comprehensive Health Center
"Community Medical Centers, Inc. - Waterloo",1031 Waterloo Road,,Stockton,San Joaquin,Urban,Federally Qualified Health Center (FQHC)/Comprehensive Health Center
"Community Medical Centers, Inc. - Waterloo",1031 Waterloo Road,,Stockton,San Joaquin,Urban,Federally Qualified Health Center (FQHC)/Comprehensive Health Center
"Community Medical Centers, Inc. - Waterloo",1031 Waterloo Road,,Stockton,San Joaquin,Urban,Federally Qualified Health Center (FQHC)/Comprehensive Health Center
"Community Medical Centers, Inc. - Woodbridge Medical Group",2401 W Turner Road,Suite 450,Lodi,San Joaquin,Rural,Federally Qualified Health Center (FQHC)/Comprehensive Health Center
"Community Medical Centers, Inc. - Woodbridge Medical Group","2401 W Turner Road, Suite 450",,Lodi,San Joaquin,,Federally Qualified Health Center (FQHC)/Comprehensive Health Center
Comprehensive Community Health Centers - Eagle Rock,1704 Colorado Blvd,,Los Angeles,Los Angeles,Urban,Federally Qualified Health Center (FQHC)/Comprehensive Health Center
Comprehensive Community Health Centers - Eagle Rock,1704 Colorado Blvd,,Los Angeles,Los Angeles,,Federally Qualified Health Center (FQHC)/Comprehensive Health Center
Comprehensive Community Health Centers - Highland Park,5059 York Blvd,,Los Angeles,Los Angeles,Urban,Federally Qualified Health Center (FQHC)/Comprehensive Health Center
Comprehensive Community Health Centers - Highland Park,5059 York Boulevard,,Los Angeles,Los Angeles,Urban,Federally Qualified Health Center (FQHC)/Comprehensive Health Center
Comprehensive Community Health Centers- Glendale,801 S Chevy Chase Dr,#20,Glendale,Los Angeles,Urban,Federally Qualified Health Center (FQHC)/Comprehensive Health Center
Comprehensive Community Health Centers- Glendale,801 S Chevy Chase Dr #20,,Glendale,Los Angeles,Urban,Federally Qualified Health Center (FQHC)/Comprehensive Health Center
Comprehensive Community Health Centers- Highland Park,5059 York Blvd,,Los Angeles,Los Angeles,Urban,Federally Qualified Health Center (FQHC)/Comprehensive Health Center
Comprehensive Community Health Centers -North Hollywood,12157 Victory Blvd,,North Hollywood,Los Angeles,Urban,Federally Qualified Health Center (FQHC)/Comprehensive Health Center
Comprehensive Community Health Centers -North Hollywood,12157 Victory Blvd,,North Hollywood,Los Angeles,,Federally Qualified Health Center (FQHC)/Comprehensive Health Center
"Comprehensive Health Center - Oceanview (Medical, Dental, Behavior Health)",3177 Oceanview Blvd.,,San Diego,San Diego,Urban,Federally Qualified Health Center (FQHC)/Comprehensive Health Center
Conejo Valley Family Medical Group,125 W. Thousand Oaks Blvd Suite 300,,Thousand Oaks,Ventura,Urban,Federally Qualified Health Center (FQHC)/Comprehensive Health Center
Conejo Valley Family Medical Group,125 W. Thousand Oaks Blvd Suite 300,,Thousand Oaks,Ventura,Urban,Federally Qualified Health Center (FQHC)/Comprehensive Health Center
Contra Costa Health Services - Antioch Health Center,3505 Lone Tree Way,Suites 1 and 4,Antioch,Contra Costa,Urban,Federally Qualified Health Centers (FQHC)
Contra Costa Health Services - Concord Health Center Building 1,3052 Willow Pass Road,,Concord,Contra Costa,Urban,Federally Qualified Health Centers (FQHC)
Contra Costa Health Services - George & Cynthia Miller Wellness Center,2500 Alhambra Ave,,Martinez,Contra Costa,Urban,Federally Qualified Health Centers (FQHC)
Contra Costa Health Services - Martinez Health Center,2500 Alhambra Ave,,Martinez,Contra Costa,Urban,Federally Qualified Health Centers (FQHC)
Contra Costa Health Services - Mobile Clinic Site - school based health program (Half-Time),2500 Alhambra Ave,,Martinez,Contra Costa,Urban,Federally Qualified Health Centers (FQHC)
County of Santa Cruz HAS,1430 Freedom Blvd. Suite D,,Watsonville,Santa Cruz,,Federally Qualified Health Center (FQHC)/Comprehensive Health Center
County of Santa Cruz Health Services Agency,9 Crestview Drive,,Watsonville,Santa Cruz,Urban,Federally Qualified Health Center (FQHC)/Comprehensive Health Center
County of Santa Cruz Health Services Agency,1080 Emeline Avenue Bldg. D,,Santa Cruz,Santa Cruz,Urban,Federally Qualified Health Center (FQHC)/Comprehensive Health Center
County of Santa Cruz Health Services Agency,1080 Emeline Avenue Bldg. D,,Santa Cruz,Santa Cruz,Urban,Federally Qualified Health Center (FQHC)/Comprehensive Health Center
County of Santa Cruz Health Services Agency,1080 Emeline Avenue Bldg. D,,Santa Cruz,Santa Cruz,Urban,Federally Qualified Health Center (FQHC)/Comprehensive Health Center
County of Santa Cruz Health Services Agency,115-A Coral Street,,Santa Cruz,Santa Cruz,Urban,Federally Qualified Health Center (FQHC)/Comprehensive Health Center
County of Santa Cruz Health Services Agency,115-A Coral Street,,Santa Cruz,Santa Cruz,Urban,Federally Qualified Health Center (FQHC)/Comprehensive Health Center
County of Santa Cruz Health Services Agency,115-A Coral Street,,Santa Cruz,Santa Cruz,Urban,Federally Qualified Health Center (FQHC)/Comprehensive Health Center
County of Santa Cruz Health Services Agency,9 Crestview Drive,,Watsonville,Santa Cruz,Urban,Federally Qualified Health Center (FQHC)/Comprehensive Health Center
County of Santa Cruz Health Services Agency,9 Crestview Drive,,Watsonville,Santa Cruz,Urban,Federally Qualified Health Center (FQHC)/Comprehensive Health Center
County of Santa Cruz Health Services Agency,9 Crestview Drive,,Watsonville,Santa Cruz,Urban,Federally Qualified Health Center (FQHC)/Comprehensive Health Center
County of Santa Cruz Health Services Agency (HSA) FQHCs,"1080 Emeline Avenue, Building D",,Santa Cruz,Santa Cruz,,Federally Qualified Health Center (FQHC)/Comprehensive Health Center
County of Santa Cruz Health Services Agency FQHCs,County of Santa Cruz Health Services Agency Administration Division 2nd Floor1080 Emeline Avenue,Building D,Santa Cruz,Santa Cruz,Urban,Federally Qualified Health Center (FQHC)/Comprehensive Health Center
County of Santa Cruz HSA 1080 Emeline 1st Floor FQHC Clinic,1080 Emeline Avenue,Building D 1st Floor,Santa Cruz,Santa Cruz,Urban,Federally Qualified Health Center (FQHC)/Comprehensive Health Center
County of Santa Cruz HSA 1080 Emeline 1st Floor FQHC Clinic,"1080 Emeline Avenue, Building D, 1st Floor",,Santa Cruz,Santa Cruz,,Federally Qualified Health Center (FQHC)/Comprehensive Health Center
County of Santa Cruz HSA Coral Street FQHC Clinic,115-A Coral Street,,Santa Cruz,Santa Cruz,,Federally Qualified Health Center (FQHC)/Comprehensive Health Center
County of Santa Cruz HSAFreedom Blvd. Suite D FQHC Clinic,1430 Freedom Blvd.,Suite D,Watsonville,Santa Cruz,Urban,Federally Qualified Health Center (FQHC)/Comprehensive Health Center
CSVS - GREENFIELD CLINIC,808 Oak Avenue,,Greenfield,Monterey,Rural,Federally Qualified Health Center (FQHC)/Comprehensive Health Center
Del Norte Community Health Center,550 E. Washington Blvd.,,Crescent City,Del Norte,,Federally Qualified Health Center (FQHC)/Comprehensive Health Center
Del Norte Community Health Center,550 E. Washington Blvd.,,Crescent City,Del Norte,Rural,Federally Qualified Health Center (FQHC)/Comprehensive Health Center
Desert AIDS Project,1695 N Sunrise Way,,Palm Springs,Riverside,Urban,Federally Qualified Health Center (FQHC)/Comprehensive Health Center
Desert AIDS Project,1695 N Sunrise Way,,Palm Springs,Riverside,Urban,Federally Qualified Health Center (FQHC)/Comprehensive Health Center
Diamond Neighborhoods Family Health Center,4725 Market Street,,San Diego,San Diego,Urban,Federally Qualified Health Center (FQHC)/Comprehensive Health Center
Diamond Neighborhoods Family Health Center,4725 Market Street,,San Diego,San Diego,,Federally Qualified Health Center (FQHC)/Comprehensive Health Center
Divisadero Community Health Center,145 N Clark St,,Fresno,Fresno,Rural,Federally Qualified Health Center (FQHC)/Comprehensive Health Center
Dixon Family Practice,131 W A St Suite 1,,Dixon,Solano,Rural,Federally Qualified Health Center (FQHC)/Comprehensive Health Center
Downtown Family Health Center at Connections,1250 6th Avenue,Suite 100,San Diego,San Diego,Urban,Federally Qualified Health Center (FQHC)/Comprehensive Health Center
Downtown Family Health Center at Connections,"1250 6th Avenue, Suite 100",,San Diego,San Diego,,Federally Qualified Health Center (FQHC)/Comprehensive Health Center
Doyle Family Practice,436-435 Susan Dr,,Doyle,Lassen,Frontier,Federally Qualified Health Center (FQHC)/Comprehensive Health Center
East Valley Community Health Center,420 S Glendora Ave,,West Covina,Los Angeles,Urban,Federally Qualified Health Center (FQHC)/Comprehensive Health Center
East Valley Community Health Center,680 Fairplex Dr,,Pomona,Los Angeles,Urban,Federally Qualified Health Center (FQHC)/Comprehensive Health Center
East Valley Mental Health Clinic,1993 Mckee Rd,,San Jose,Santa Clara,,Federally Qualified Health Centers (FQHC)
Eastside Family Health Center,1970 University Ave,,Riverside,Riverside,Urban,Federally Qualified Health Center (FQHC)/Comprehensive Health Center
Eisner - Abram Friedman,1646 S Olive St,,Los Angeles,Los Angeles,Urban,Federally Qualified Health Centers (FQHC)
Eisner - Los Angeles HS,4650 W Olympic Blvd,,Los Angeles,Los Angeles,Urban,Federally Qualified Health Centers (FQHC)
Eisner - Metropolitan on Wilson St.,727 Wilson St,,Los Angeles,Los Angeles,Urban,Federally Qualified Health Centers (FQHC)
Eisner - Santee,1921 Maple Ave,,Los Angeles,Los Angeles,Urban,Federally Qualified Health Centers (FQHC)
Eisner - South Grand,1401 South Grand Avenue,,Los Angeles,Los Angeles,Urban,Federally Qualified Health Centers (FQHC)
Eisner - WIC,1649 W Washington Blvd,,Los Angeles,Los Angeles,Urban,Federally Qualified Health Centers (FQHC)
El Dorado Community Health Center,4326 Golden Center Dr,# D,Placerville,El Dorado,Rural,Federally Qualified Health Center (FQHC)/Comprehensive Health Center
El Dorado Community Health Center - Diamond Springs,4641 Missouri Flat Rd,,Placerville,El Dorado,Rural,Federally Qualified Health Center (FQHC)/Comprehensive Health Center
El Dorado Community Health Center - Diamond Springs,4641 Missouri Flat Road,,Placerville,El Dorado,Rural,Federally Qualified Health Center (FQHC)/Comprehensive Health Center
El Proyecto del Barrio - Esperanza Clinic,9140 Van Nuys Blvd Suite 207,,Panorama City,Los Angeles,Urban,Federally Qualified Health Center (FQHC)/Comprehensive Health Center
El Proyecto del Barrio- Arleta Clinic,8902 Woodman Ave,,Arleta,Los Angeles,Urban,Federally Qualified Health Center (FQHC)/Comprehensive Health Center
Elica Health Centers,1860 Howe Ave,Suite 440,Sacramento,Sacramento,Urban,Federally Qualified Health Center (FQHC)/Comprehensive Health Center
Elica Health Centes,1860 Howe Ave Suite 440,,Sacramento,Sacramento,,Federally Qualified Health Center (FQHC)/Comprehensive Health Center
Elm Community Health Center,2798 S Elm Ave,,Fresno,Fresno,Rural,Federally Qualified Health Center (FQHC)/Comprehensive Health Center
Elm Street Family Health Center,140 Elm Street,,San Diego,San Diego,Urban,Federally Qualified Health Center (FQHC)/Comprehensive Health Center
Elm Street Family Health Center,140 Elm Street,,San Diego,San Diego,,Federally Qualified Health Center (FQHC)/Comprehensive Health Center
Esparto Family Practice,17050 S Grafton St,PO Box 134,Esparto,Yolo,Rural,Federally Qualified Health Center (FQHC)/Comprehensive Health Center
Esparto Family Practice,17050 S Grafton St PO Box 134,,Esparto,Yolo,Rural,Federally Qualified Health Center (FQHC)/Comprehensive Health Center
Esparto Family Practice,17050 S Grafton St PO Box 134,,Esparto,Yolo,Rural,Federally Qualified Health Center (FQHC)/Comprehensive Health Center
Family Health at City College,"1550 Broadway, Suite 2",,San Diego,San Diego,,Federally Qualified Health Center (FQHC)/Comprehensive Health Center
Family Health Center at San Francisco General Hospital,"995 Potrero Ave Building 80, Ward 83, Room 310",,San Francisco,San Francisco,Urban,Federally Qualified Health Center (FQHC)/Comprehensive Health Center
Family Health Centers of San Diego,823 Gateway Center Way,,San Diego,San Diego,Urban,Federally Qualified Health Center (FQHC)/Comprehensive Health Center
Family Health Centers of San Diego,823 Gatway Center Way,,San Diego,San Diego,,Federally Qualified Health Center (FQHC)/Comprehensive Health Center
Family Health Centers of San Diego - City College,1550 Broadway,Suite 2,San Diego,San Diego,Urban,Federally Qualified Health Center (FQHC)/Comprehensive Health Center
Family Health on Commercial,2325 Commercial Street,Suite 1400,San Diego,San Diego,Urban,Federally Qualified Health Center (FQHC)/Comprehensive Health Center
Family Health on Commercial,"2325 Commercial Street, Suite 1400",,San Diego,San Diego,,Federally Qualified Health Center (FQHC)/Comprehensive Health Center
Family Health Services - Fairfield,2201 Courage Dr,,Fairfield,Solano,,Federally Qualified Health Center (FQHC)/Comprehensive Health Center
Family Health Services - Fairfield,2201 Courage Dr,,Fairfield,Solano,Urban,Federally Qualified Health Center (FQHC)/Comprehensive Health Center
Family Health Services - Fairfield Pediatric,2101 Courage Drive,,Fairfield,Solano,,Federally Qualified Health Center (FQHC)/Comprehensive Health Center
Family Health Services - Fairfield Pediatric,2101 Courage Drive,,Fairfield,Solano,Urban,Federally Qualified Health Center (FQHC)/Comprehensive Health Center
Family Health Services - Vacaville,1119 East Monte Vista Avenue,,Vacaville,Solano,,Federally Qualified Health Center (FQHC)/Comprehensive Health Center
Family Health Services - Vacaville,1119 East Monte Vista Avenue,,Vacaville,Solano,Urban,Federally Qualified Health Center (FQHC)/Comprehensive Health Center
Family Health Services - Vallejo,365 Tuolumne St,,Vallejo,Solano,,Federally Qualified Health Center (FQHC)/Comprehensive Health Center
Family Health Services - Vallejo,365 Tuolumne St,,Vallejo,Solano,Urban,Federally Qualified Health Center (FQHC)/Comprehensive Health Center
Family HealthCare Network,305 E Center St,,Visalia,Tulare,Urban,Federally Qualified Health Center (FQHC)/Comprehensive Health Center
Family HealthCare Network,305 E Center St,,Visalia,Tulare,,Federally Qualified Health Center (FQHC)/Comprehensive Health Center
Family HealthCare Network - Cutler/Orosi,12586 Ave 408,,Orosi,Tulare,Urban,Federally Qualified Health Center (FQHC)/Comprehensive Health Center
Family HealthCare Network - Cutler/Orosi,12586 Ave 408,,Orosi,Tulare,Rural,Federally Qualified Health Center (FQHC)/Comprehensive Health Center
Family HealthCare Network - Farmersville Health Center,730 N. Farmersville Blvd,,Farmersville,Tulare,Rural,Federally Qualified Health Center (FQHC)/Comprehensive Health Center
Family HealthCare Network  Farmersville Health Center,730 N. Farmersville Blvd,,Farmersville,Tulare,,Federally Qualified Health Center (FQHC)/Comprehensive Health Center
Family Healthcare Network - Goshen,31180 Road 72,,Goshen,Tulare,Rural,Federally Qualified Health Center (FQHC)/Comprehensive Health Center
Family Healthcare Network - Goshen,30979 Road 67,,Visalia,Tulare,Urban,Federally Qualified Health Center (FQHC)/Comprehensive Health Center
Family Healthcare Network - Goshen,30979 Road 67,,Visalia,Tulare,Urban,Federally Qualified Health Center (FQHC)/Comprehensive Health Center
Family Healthcare Network - Goshen,30979 Road 67,,Visalia,Tulare,Urban,Federally Qualified Health Center (FQHC)/Comprehensive Health Center
Family Healthcare Network - Goshen,30979 Road 67,,Visalia,Tulare,Urban,Federally Qualified Health Center (FQHC)/Comprehensive Health Center
Family Healthcare Network - Goshen,31180 Road 72,,Goshen,Tulare,,Federally Qualified Health Center (FQHC)/Comprehensive Health Center
Family Healthcare Network - Goshen,31180 Road 72,,Goshen,Tulare,,Federally Qualified Health Center (FQHC)/Comprehensive Health Center
Family Healthcare Network - Goshen,31180 Road 72,,Goshen,Tulare,,Federally Qualified Health Center (FQHC)/Comprehensive Health Center
Family Healthcare Network - Goshen,31180 Road 72,,Goshen,Tulare,,Federally Qualified Health Center (FQHC)/Comprehensive Health Center
Family Healthcare Network - Hanford,329 W 8th Street,,Hanford,Kings,Urban,Federally Qualified Health Center (FQHC)/Comprehensive Health Center
Family Healthcare Network - Hanford,329 W 8th St,,Hanford,Kings,Rural,Federally Qualified Health Center (FQHC)/Comprehensive Health Center
Family HealthCare Network  Ivanhoe Health Center,33025 Road 159,,Ivanhoe,Tulare,Rural,Federally Qualified Health Center (FQHC)/Comprehensive Health Center
Family HealthCare Network  Ivanhoe Health Center,33025 Road 159,,Ivanhoe,Tulare,,Federally Qualified Health Center (FQHC)/Comprehensive Health Center
Family HealthCare Network - Porterville,1107 W Poplar Ave,,Porterville,Tulare,Rural,Federally Qualified Health Center (FQHC)/Comprehensive Health Center
Family HealthCare Network - Porterville,1107 W Poplar Ave,,Porterville,Tulare,Rural,Federally Qualified Health Center (FQHC)/Comprehensive Health Center
Family HealthCare Network - Springville,35800 Hwy 190,,Springville,Tulare,,Federally Qualified Health Center (FQHC)/Comprehensive Health Center
Family HealthCare Network - Springville Health Center,35800 Highway 190,,Springville,Tulare,Rural,Federally Qualified Health Center (FQHC)/Comprehensive Health Center
Family HealthCare Network - Terra Bella,9416 Road 238,,Terra Bella,Tulare,Rural,Federally Qualified Health Centers (FQHC)
Family HealthCare Network - Three Rivers,41651 Sierra Dr Ste. A,,Three Rivers,Tulare,Frontier,Federally Qualified Health Center (FQHC)/Comprehensive Health Center
Family HealthCare Network - Three Rivers Health Center,41651 Sierra Dr,Suite A,Three Rivers,Tulare,Frontier,Federally Qualified Health Center (FQHC)/Comprehensive Health Center
Family HealthCare Network  Traver Health Center,4177 Avenue 368,,Traver,Tulare,Rural,Federally Qualified Health Center (FQHC)/Comprehensive Health Center
Family HealthCare Network  Traver Health Center,4177 Avenue 368,,Traver,Tulare,,Federally Qualified Health Center (FQHC)/Comprehensive Health Center
Family HealthCare Network  Tulare Health Center,263 S. West Street,,Tulare,Tulare,Rural,Federally Qualified Health Center (FQHC)/Comprehensive Health Center
Family HealthCare Network  Tulare Health Center,263 S. West Street,,Tulare,Tulare,,Federally Qualified Health Center (FQHC)/Comprehensive Health Center
Family HealthCare Network - Visalia Bridge,501 N Bridge St,,Visalia,Tulare,Urban,Federally Qualified Health Center (FQHC)/Comprehensive Health Center
Family HealthCare Network - Visalia Bridge,501 N Bridge St,,Visalia,Tulare,Urban,Federally Qualified Health Center (FQHC)/Comprehensive Health Center
Family HealthCare Network - Visalia Oak,400 E Oak Ave,,Visalia,Tulare,Urban,Federally Qualified Health Center (FQHC)/Comprehensive Health Center
Family HealthCare Network - Visalia Oak Health Center,400 E Oak Ave,,Visalia,Tulare,Urban,Federally Qualified Health Center (FQHC)/Comprehensive Health Center
Family HealthCare Network - Visalia School Site,401 E School Avenue,,Visalia,Tulare,Urban,Federally Qualified Health Center (FQHC)/Comprehensive Health Center
Family HealthCare Network - Visalia School Site,401 E School Avenue,,Visalia,Tulare,,Federally Qualified Health Center (FQHC)/Comprehensive Health Center
Family HealthCare Network - Woodlake,201 E. Lakeview Avenue,,Woodlake,Tulare,Rural,Federally Qualified Health Center (FQHC)/Comprehensive Health Center
Family HealthCare Network - Woodlake,101 N Palm St,,Woodlake,Tulare,Frontier,Federally Qualified Health Center (FQHC)/Comprehensive Health Center
Family HealthCare Network - Woodlake,101 N Palm St,,Woodlake,Tulare,Frontier,Federally Qualified Health Center (FQHC)/Comprehensive Health Center
Family HealthCare Network - Woodlake,101 N Palm St,,Woodlake,Tulare,Frontier,Federally Qualified Health Center (FQHC)/Comprehensive Health Center
Family HealthCare Network - Woodlake,101 N Palm St,,Woodlake,Tulare,Frontier,Federally Qualified Health Center (FQHC)/Comprehensive Health Center
Family HealthCare Network - Woodlake,201 E. Lakeview Avenue,,Woodlake,Tulare,,Federally Qualified Health Center (FQHC)/Comprehensive Health Center
Family HealthCare Network - Woodlake,201 E. Lakeview Avenue,,Woodlake,Tulare,,Federally Qualified Health Center (FQHC)/Comprehensive Health Center
Family HealthCare Network - Woodlake,201 E. Lakeview Avenue,,Woodlake,Tulare,,Federally Qualified Health Center (FQHC)/Comprehensive Health Center
Family HealthCare Network - Woodlake,201 E. Lakeview Avenue,,Woodlake,Tulare,,Federally Qualified Health Center (FQHC)/Comprehensive Health Center
FHCSD - El Cajon,525 E Main Street,,El Cajon,San Diego,Urban,Federally Qualified Health Center (FQHC)/Comprehensive Health Center
FHCSD - El Cajon,525 E Main Street,,El Cajon,San Diego,Urban,Federally Qualified Health Center (FQHC)/Comprehensive Health Center
FHCSD - Hillcrest Family Health Center,4094 4th Avenue,,San Diego,San Diego,Urban,Federally Qualified Health Center (FQHC)/Comprehensive Health Center
FHCSD - North Park Family Health Center,3544 30th Street,,San Diego,San Diego,Urban,Federally Qualified Health Center (FQHC)/Comprehensive Health Center
FHCSD - North Park Family Health Center,3544 30th Street,,San Diego,San Diego,Urban,Federally Qualified Health Center (FQHC)/Comprehensive Health Center
Foothill Community Health Center - Andrew Hill,"3200 Senter Road, Room S104",,San Jose,Santa Clara,Urban,Federally Qualified Health Center (FQHC)/Comprehensive Health Center
Foothill Community Health Center - Gilroy,9460 No Name Uno,Suite 110,Gilroy,Santa Clara,,Federally Qualified Health Center (FQHC)/Comprehensive Health Center
Foothill Community Health Center - Gilroy,"9460 No Name Uno, Suite 110",,Gilroy,Santa Clara,,Federally Qualified Health Center (FQHC)/Comprehensive Health Center
Foothill Community Health Center - Montpelier Clinic,"2380 Montpelier Drive, Suite 200",,San Jose,Santa Clara,Urban,Federally Qualified Health Center (FQHC)/Comprehensive Health Center
Foothill Community Health Center - South White Road,1066 South White Road,,San Jose,Santa Clara,,Federally Qualified Health Center (FQHC)/Comprehensive Health Center
Foothill Community Health Center - South White Road,1066 South White Road,,San Jose,Santa Clara,Urban,Federally Qualified Health Center (FQHC)/Comprehensive Health Center
Foothill Community Health Center - Story Road,2880 Story Road,,San Jose,Santa Clara,Urban,Federally Qualified Health Center (FQHC)/Comprehensive Health Center
Foothill Community Health Center - Story Road,2880 Story Road,,San Jose,Santa Clara,Urban,Federally Qualified Health Center (FQHC)/Comprehensive Health Center
Foothill Community Health Center - Story Road,2880 Story Road,,San Jose,Santa Clara,,Federally Qualified Health Center (FQHC)/Comprehensive Health Center
Foothill Community Health Center - Story Road,2880 Story Road,,San Jose,Santa Clara,,Federally Qualified Health Center (FQHC)/Comprehensive Health Center
Foothill Family Clinic,1066 South White Road,,San Jose,Santa Clara,Urban,Federally Qualified Health Center (FQHC)/Comprehensive Health Center
Forestville Wellness Center,6550 Front Street,,Forestville,Sonoma,,Federally Qualified Health Center (FQHC)/Comprehensive Health Center
Forestville Wellness Center,6550 Front Street,,Forestville,Sonoma,,Federally Qualified Health Center (FQHC)/Comprehensive Health Center
Gardner Family Health - Innvision Montgomery St.,370 N Montgomery St,,San Jose,Santa Clara,,Federally Qualified Health Centers (FQHC)
Gaston Middle School Health and Wellness Center,1120 E Church Ave,,Fresno,Fresno,Rural,Federally Qualified Health Center (FQHC)/Comprehensive Health Center
Glenn County Health Agency Services- Dept of Behavioral Health,1187 E South St,,Orland,Glenn,Rural,Federally Qualified Health Center (FQHC)/Comprehensive Health Center
Golden Valley Health Center,1405 California Avenue,,Dos Palos,Merced,,Federally Qualified Health Center (FQHC)/Comprehensive Health Center
Golden Valley Health Center,1405 California Avenue,,Dos Palos,Merced,Rural,Federally Qualified Health Center (FQHC)/Comprehensive Health Center
Golden Valley Health Centers   - O'BANION,401 Lesher Dr,,Merced,Merced,,Federally Qualified Health Centers (FQHC)
Golden Valley Health Centers  -  Planada,9235 E. Broadway,,Planada,Merced,,Federally Qualified Health Centers (FQHC)
Golden Valley Health Centers  - CERES,2760 3rd St,,CERES,Stanislaus,,Federally Qualified Health Centers (FQHC)
Golden Valley Health Centers  - LE GRAND,13161 Jefferson St,,LE GRAND,Merced,,Federally Qualified Health Centers (FQHC)
Golden Valley Health Centers  - MERCED SUITES,857 WEST CHILDS AVENUE,,Merced,Merced,,Federally Qualified Health Centers (FQHC)
Golden Valley Health Centers  - MERCED WOMEN'S CLINIC,797 W Childs Ave,,Merced,Merced,,Federally Qualified Health Centers (FQHC)
Golden Valley Health Centers  - MODESTO FLORIDA SUITES,1510 Florida Ave,,Modesto,Stanislaus,,Federally Qualified Health Centers (FQHC)
Golden Valley Health Centers  - NORTH MERCED,127 W El Portal Dr,Ste B,Merced,Merced,,Federally Qualified Health Centers (FQHC)
Golden Valley Health Centers  - ROBERTSON ROAD,1121 Hammond St,,Modesto,Stanislaus,,Federally Qualified Health Centers (FQHC)
Golden Valley Health Centers  - TENAYA,2101 Tenaya Dr,,Modesto,Stanislaus,,Federally Qualified Health Centers (FQHC)
Golden Valley Health Centers  - Westley,301 Howard Rd,,Westley,Stanislaus,,Federally Qualified Health Centers (FQHC)
Golden Valley Health Centers - Corner of Hope,1114 6th Street,,Modesto,Stanislaus,,Federally Qualified Health Center (FQHC)/Comprehensive Health Center
Golden Valley Health Centers - Florida North,1540 Florida Ave.,,Modesto,Stanislaus,,Federally Qualified Health Center (FQHC)/Comprehensive Health Center
Golden Valley Health Centers - Florida North,1540 Florida Ave.,,Modesto,Stanislaus,,Federally Qualified Health Center (FQHC)/Comprehensive Health Center
Golden Valley Health Centers - Hanshaw,1717 Las Vegas Street,,Modesto,Stanislaus,,Federally Qualified Health Center (FQHC)/Comprehensive Health Center
Golden Valley Health Centers - Hanshaw,1717 Las Vegas Street,,Modesto,Stanislaus,Urban,Federally Qualified Health Center (FQHC)/Comprehensive Health Center
Golden Valley Health Centers - LOS BANOS,821 Texas Ave,,Los Banos,Merced,,Federally Qualified Health Centers (FQHC)
Golden Valley Health Centers - Los Banos,821 Texas Avenue,,Los Banos,Merced,,Federally Qualified Health Center (FQHC)/Comprehensive Health Center
Golden Valley Health Centers - Los Banos,821 Texas Avenue,,Los Banos,Merced,Rural,Federally Qualified Health Center (FQHC)/Comprehensive Health Center
Golden Valley Health Centers - Merced,847 W Childs Avenue,,Merced,Merced,,Federally Qualified Health Center (FQHC)/Comprehensive Health Center
Golden Valley Health Centers - Merced,847 W Childs Avenue,,Merced,Merced,Rural,Federally Qualified Health Center (FQHC)/Comprehensive Health Center
Golden Valley Health Centers  MOBILE (3) MEDICAL VAN,13161 Jefferson St,,LE GRAND,Merced,,Federally Qualified Health Centers (FQHC)
Golden Valley Health Centers - Modesto Women's,1500 Florida Avenue,Suite B,Modesto,Stanislaus,,Federally Qualified Health Center (FQHC)/Comprehensive Health Center
Golden Valley Health Centers - Modesto Women's,"1500 Florida Avenue, Suite B",,Modesto,Stanislaus,Urban,Federally Qualified Health Center (FQHC)/Comprehensive Health Center
Golden Valley Health Centers - Patterson,200 C Street,,Patterson,Stanislaus,,Federally Qualified Health Center (FQHC)/Comprehensive Health Center
Golden Valley Health Centers - Patterson,200 C Street,,Patterson,Stanislaus,Rural,Federally Qualified Health Center (FQHC)/Comprehensive Health Center
Golden Valley Health Centers - Riverbank,4150 Patterson Road,,Riverbank,Merced,,Federally Qualified Health Centers (FQHC)
Golden Valley Health Centers - Turlock,1141 Olive Avenue,,Turlock,Stanislaus,,Federally Qualified Health Center (FQHC)/Comprehensive Health Center
Golden Valley Health Centers - Turlock,1141 Olive Avenue,,Turlock,Stanislaus,Urban,Federally Qualified Health Center (FQHC)/Comprehensive Health Center
Golden Valley Health Centers - West Modesto,1114 6th Street,,Modesto,Stanislaus,Urban,Federally Qualified Health Center (FQHC)/Comprehensive Health Center
Golden Valley Health Centers -Momobile III,13161 Jefferson St,,LE GRAND,Merced,,Federally Qualified Health Centers (FQHC)
Golden Valley Health Centers -NEWMAN SITE,637 Merced St,,Newman,Stanislaus,,Federally Qualified Health Centers (FQHC)
Golden Valley Health Centers- West Turlock,1200 W Main St,,Turlock,Stanislaus,,Federally Qualified Health Center (FQHC)/Comprehensive Health Center
Golden Valley Health Centers- West Turlock,1200 W Main St,,Turlock,Stanislaus,Urban,Federally Qualified Health Center (FQHC)/Comprehensive Health Center
Greenfield Clinic,467 El Camino Real,,Greenfield,Monterey,Rural,Federally Qualified Health Center (FQHC)/Comprehensive Health Center
Grossmont Spring Valley Family Health Center,8788 Jamacha Road,,Spring Valley,San Diego,Urban,Federally Qualified Health Center (FQHC)/Comprehensive Health Center
Grossmont Spring Valley Family Health Center,8788 Jamacha Road,,Spring Valley,San Diego,,Federally Qualified Health Center (FQHC)/Comprehensive Health Center
Happy Valley Family Health Center,16300 Cloverdale Rd,,Happy Valley,Shasta,,Federally Qualified Health Center (FQHC)/Comprehensive Health Center
Happy Valley Family Health Center,16300 Cloverdale Road,,Happy Valley,Shasta,Rural,Federally Qualified Health Center (FQHC)/Comprehensive Health Center
HCC - Hill Country Health and Wellness Center,29632 Hwy. 299E,,Round Mountain,Shasta,Frontier,Federally Qualified Health Center (FQHC)/Comprehensive Health Center
HealthRIGHT360 - Mission St,1735 Mission Street,,San Francisco,San Francisco,Urban,Federally Qualified Health Center (FQHC)/Comprehensive Health Center
Hesperia Health Center,16453 Bear Valley Road,,Hesperia,San Bernardino,,Federally Qualified Health Center (FQHC)/Comprehensive Health Center
Hesperia Health Center,16453 Bear Valley Road,,Hesperia,San Bernardino,Urban,Federally Qualified Health Center (FQHC)/Comprehensive Health Center
Hillcrest Family Health Center,4094 4th Avenue,,San Diego,San Diego,Urban,Federally Qualified Health Center (FQHC)/Comprehensive Health Center
Hillcrest Family Health Center,4094 4th Avenue,,San Diego,San Diego,,Federally Qualified Health Center (FQHC)/Comprehensive Health Center
Homeless Divison,7843 Lankershim Blvd,,North Hollywood,Los Angeles,,Federally Qualified Health Center (FQHC)/Comprehensive Health Center
Homeless Divison,7843 Lankershim Blvd,,North Hollywood,Los Angeles,Urban,Federally Qualified Health Center (FQHC)/Comprehensive Health Center
Ibarra Family Health Center,4874 Polk Avenue,,San Diego,San Diego,Urban,Federally Qualified Health Center (FQHC)/Comprehensive Health Center
Ibarra Family Health Center,4874 Polk Avenue,,San Diego,San Diego,,Federally Qualified Health Center (FQHC)/Comprehensive Health Center
Indian Health Center of Santa Clara Valley,1333 Meridian Avenue,,San Jose,Santa Clara,,Federally Qualified Health Center (FQHC)/Comprehensive Health Center
Indian Health Center of Santa Clara Valley,1333 Meridian Avenue,,San Jose,Santa Clara,Urban,Federally Qualified Health Center (FQHC)/Comprehensive Health Center
Joy Carino Kimpo Family Medical Center,1001 Main St,,Delano,Kern,Rural,Federally Qualified Health Center (FQHC)/Comprehensive Health Center
JWCH Institute,522 S San Pedro St,,Los Angeles,Los Angeles,,Federally Qualified Health Center (FQHC)/Comprehensive Health Center
JWCH Institute,522 S San Pedro,,Los Angeles,Los Angeles,Urban,Federally Qualified Health Center (FQHC)/Comprehensive Health Center
"JWCH Institute, Inc. - Firestone",12360 Firestone Blvd.,,Norwalk,Los Angeles,,Federally Qualified Health Center (FQHC)/Comprehensive Health Center
"JWCH Institute, Inc. - Firestone",12360 Firestone Blvd.,,Norwalk,Los Angeles,Urban,Federally Qualified Health Center (FQHC)/Comprehensive Health Center
JWCH Safe Harbor Women's Clinic,721 E 5th St,,Los Angeles,Los Angeles,,Federally Qualified Health Centers (FQHC)
Kerman Family Health Center,517 S Madera Ave,,Kerman,Fresno,Rural,Federally Qualified Health Center (FQHC)/Comprehensive Health Center
Kerman Unified School District Community Health Center,702 S 8th St,,Kerman,Fresno,,Federally Qualified Health Center (FQHC)/Comprehensive Health Center
King Family Center Health Clinic,2640 E Lafayette St PO Box 779,,Stockton,San Joaquin,Rural,Federally Qualified Health Center (FQHC)/Comprehensive Health Center
"King-Chavez Health Center (Medical, Dental, Behavior Health)",950 South Euclid Avenue,,San Diego,San Diego,Urban,Federally Qualified Health Center (FQHC)/Comprehensive Health Center
La Clinica de La Raza,3451 E 12th St,,Oakland,Alameda,Urban,Federally Qualified Health Center (FQHC)/Comprehensive Health Center
La Clinica de La Raza - Pittsburg Medical,2240 Gladstone Drive,Suite 4,Pittsburg,Contra Costa,,Federally Qualified Health Center (FQHC)/Comprehensive Health Center
La Clinica de La Raza - Pittsburg Medical,"2240 Gladstone Drive, Suite 4",,Pittsburg,Contra Costa,Urban,Federally Qualified Health Center (FQHC)/Comprehensive Health Center
La Clinica de La Raza- Fremont High School Health Center,4610 Foothill Blvd,,Oakland,Alameda,Urban,Federally Qualified Health Center (FQHC)/Comprehensive Health Center
La Clinica de la Raza Inc - Vallejo Great Beginnings,210 Hospital Dr,,Vallejo,Solano,,Federally Qualified Health Center (FQHC)/Comprehensive Health Center
La Clinica de la Raza Inc - Vallejo Great Beginnings,210 Hospital Dr,,Vallejo,Solano,Urban,Federally Qualified Health Center (FQHC)/Comprehensive Health Center
La Clinica de La Raza- Monument,2100 Monument Blvd,,Pleasant Hill,Contra Costa,Urban,Federally Qualified Health Center (FQHC)/Comprehensive Health Center
La Clinica de La Raza- North Vallejo,220 Hospital Dr,,Vallejo,Solano,Urban,Federally Qualified Health Center (FQHC)/Comprehensive Health Center
La Clinica de La Raza- Vallejo Medical,243 Georgia St Ste B,,Vallejo,Solano,Urban,Federally Qualified Health Center (FQHC)/Comprehensive Health Center
La Clinica de la Raza- WIC Program,2716 International Blvd,,Oakland,Alameda,,Federally Qualified Health Centers (FQHC)
La Maestra Community Health Centers,4060 Fairmount Avenue,,San Diego,San Diego,,Federally Qualified Health Center (FQHC)/Comprehensive Health Center
La Maestra Community Health Centers - Broadway,7967 Broadway Ave,,Lemon Grove,San Diego,,Federally Qualified Health Center (FQHC)/Comprehensive Health Center
La Maestra Community Health Centers - Broadway,7967 Broadway,,Lemon Grove,San Diego,Urban,Federally Qualified Health Center (FQHC)/Comprehensive Health Center
La Maestra Community Health Centers - Broadway,7967 Broadway,,Lemon Grove,San Diego,Urban,Federally Qualified Health Center (FQHC)/Comprehensive Health Center
La Maestra Community Health Centers - El Cajon,165 S 1st St,,El Cajon,San Diego,,Federally Qualified Health Center (FQHC)/Comprehensive Health Center
La Maestra Community Health Centers - El Cajon,165 S First Street,,El Cajon,San Diego,Urban,Federally Qualified Health Center (FQHC)/Comprehensive Health Center
La Maestra Community Health Centers - Hope,4171 Fairmount Ave,,San Diego,San Diego,,Federally Qualified Health Center (FQHC)/Comprehensive Health Center
La Maestra Community Health Centers - Hope,4171 Fairmount Avenue,,San Diego,San Diego,Urban,Federally Qualified Health Center (FQHC)/Comprehensive Health Center
La Maestra Community Health Centers - National City,217 Highland Avenue,,National City,San Diego,,Federally Qualified Health Center (FQHC)/Comprehensive Health Center
La Maestra Community Health Centers - National City,217 Highland Avenue,,National City,San Diego,Urban,Federally Qualified Health Center (FQHC)/Comprehensive Health Center
La Maestra Community Health Centers - National City,217 Highland Avenue,,National City,San Diego,Urban,Federally Qualified Health Center (FQHC)/Comprehensive Health Center
"La Maestra Family Clinic, Inc.",4060 Fairmount Ave,,San Diego,San Diego,,Federally Qualified Health Center (FQHC)/Comprehensive Health Center
"La Maestra Family Clinic, Inc.",4060 Fairmount Ave,,San Diego,San Diego,Urban,Federally Qualified Health Center (FQHC)/Comprehensive Health Center
"La Maestra Family Clinic, Inc.",4060 Fairmount Ave,,San Diego,San Diego,Urban,Federally Qualified Health Center (FQHC)/Comprehensive Health Center
"La Maestra Family Clinic, Inc.",4060 Fairmount Ave,,San Diego,San Diego,Urban,Federally Qualified Health Center (FQHC)/Comprehensive Health Center
"La Maestra Family Clinic, Inc.",7967 Boadway Ave,,Lemon Grove,San Diego,,Federally Qualified Health Center (FQHC)/Comprehensive Health Center
"La Maestra Family Clinic, Inc.",7967 Boadway Ave,,Lemon Grove,San Diego,,Federally Qualified Health Center (FQHC)/Comprehensive Health Center
"La Maestra Family Clinic, Inc.",7967 Boadway Ave,,Lemon Grove,San Diego,,Federally Qualified Health Center (FQHC)/Comprehensive Health Center
"La Maestra Family Clinic, Inc. - El Cajon",165 South First St.,,El Cajon,San Diego,Urban,Federally Qualified Health Center (FQHC)/Comprehensive Health Center
"La Maestra Family Clinic, Inc. - Hope",4171 Fairmount Ave.,,San Diego,San Diego,Urban,Federally Qualified Health Center (FQHC)/Comprehensive Health Center
LA Mission College Student Health Center,13356 Eldridge Ave,,Sylmar,Los Angeles,,Federally Qualified Health Center (FQHC)/Comprehensive Health Center
LA Mission College Student Health Center,13356 Eldridge Ave,,Sylmar,Los Angeles,Urban,Federally Qualified Health Center (FQHC)/Comprehensive Health Center
LAC-Canoga Park Health Center,7107 Remmet Ave,,Canoga Park,Los Angeles,,Federally Qualified Health Center (FQHC)/Comprehensive Health Center
LAC-Canoga Park Health Center,7107 Remmet Ave,,Canoga Park,Los Angeles,Urban,Federally Qualified Health Center (FQHC)/Comprehensive Health Center
LAC-Valencia Health Center,23763 Valencia Blvd,,Valencia,Los Angeles,,Federally Qualified Health Center (FQHC)/Comprehensive Health Center
LAC-Valencia Health Center,23763 Valencia Blvd,,Valencia,Los Angeles,Urban,Federally Qualified Health Center (FQHC)/Comprehensive Health Center
Lakeside Health Center,5335 Lakeshore Blvd,,Lakeport,Lake,,Federally Qualified Health Center (FQHC)/Comprehensive Health Center
Lakeside Health Center,5335 Lakeshore Blvd,,Lakeport,Lake,Rural,Federally Qualified Health Center (FQHC)/Comprehensive Health Center
Las Islas Family Medical Group,2400 S C St,,Oxnard,Ventura,Urban,Federally Qualified Health Center (FQHC)/Comprehensive Health Center
Las Posas Family Medical Group,3801 Las Posas Road,Suite 214,Camarillo,Ventura,,Federally Qualified Health Center (FQHC)/Comprehensive Health Center
Las Posas Family Medical Group,"3801 Las Posas Road, Suite 214",,Camarillo,Ventura,Urban,Federally Qualified Health Center (FQHC)/Comprehensive Health Center
Lawrence Family Center and Clinic,721 Calaveras St,,Lodi,San Joaquin,Rural,Federally Qualified Health Center (FQHC)/Comprehensive Health Center
LCDLR - Fruitvale Village,3451 E 12th Street,,Oakland,Alameda,,Federally Qualified Health Center (FQHC)/Comprehensive Health Center
LCDLR - Oakland Tech High School Center,4351 Broadway,,Oakland,Alameda,,Federally Qualified Health Center (FQHC)/Comprehensive Health Center
LCDLR - Oakland Tech High School Center,4351 Broadway,,Oakland,Alameda,,Federally Qualified Health Center (FQHC)/Comprehensive Health Center
LCDLR - Oakley,2021 Main Street,,Oakley,Contra Costa,,Federally Qualified Health Center (FQHC)/Comprehensive Health Center
LCDLR - Oakley,2021 Main Street,,Oakley,Contra Costa,Urban,Federally Qualified Health Center (FQHC)/Comprehensive Health Center
Lemon Grove Family Health Center,7592 Broadway,,Lemon Grove,San Diego,Urban,Federally Qualified Health Center (FQHC)/Comprehensive Health Center
Lemon Grove Family Health Center,7592 Broadway,,Lemon Grove,San Diego,,Federally Qualified Health Center (FQHC)/Comprehensive Health Center
LifeLong Berkeley Primary Care,2001 Dwight Way Rm 1363,,Berkeley,Alameda,Urban,Federally Qualified Health Center (FQHC)/Comprehensive Health Center
LifeLong Brookside Community Health Center Richmond,1030 Nevin Avenue,,Richmond,Contra Costa,,Federally Qualified Health Center (FQHC)/Comprehensive Health Center
LifeLong Brookside Richmond,1030 Nevin Ave,,Richmond,Contra Costa,Urban,Federally Qualified Health Center (FQHC)/Comprehensive Health Center
LifeLong Brookside Richmond,1030 Nevin Avenue,,Richmond,Contra Costa,Urban,Federally Qualified Health Center (FQHC)/Comprehensive Health Center
LifeLong Brookside San Pablo,2023 Vale Rd,,San Pablo,Alameda,Urban,Federally Qualified Health Center (FQHC)/Comprehensive Health Center
LifeLong Brookside San Pablo,2023 Vale Rd,,San Pablo,Alameda,Urban,Federally Qualified Health Center (FQHC)/Comprehensive Health Center
LifeLong Downtown Oakland,616 16th St,,Oakland,Alameda,Urban,Federally Qualified Health Center (FQHC)/Comprehensive Health Center
LifeLong Dr. William Jenkins Pediatric Center,120 Broadway,,Richmond,Contra Costa,Urban,Federally Qualified Health Center (FQHC)/Comprehensive Health Center
"LifeLong Dr. William M. Jenkins, Jr. Pediatric Center",120 Broadway,Ste 4,Richmond,Alameda,,Federally Qualified Health Center (FQHC)/Comprehensive Health Center
LifeLong East Oakland,10700 Macarthur Blvd Suite 14B,,Oakland,Alameda,Urban,Federally Qualified Health Center (FQHC)/Comprehensive Health Center
LifeLong Howard Daniel Clinic,9933 MacArthur Blvd,,Oakland,Alameda,Urban,Federally Qualified Health Center (FQHC)/Comprehensive Health Center
LifeLong Over 60 Health Center,3260 Sacramento St,,Berkeley,Alameda,Urban,Federally Qualified Health Center (FQHC)/Comprehensive Health Center
LifeLong Richmond Health Center,2600 MacDonald Ave,,Richmond,Contra Costa,Urban,Federally Qualified Health Center (FQHC)/Comprehensive Health Center
Lifelong West Berkeley,2031 6th St,,Berkeley,Alameda,Urban,Federally Qualified Health Center (FQHC)/Comprehensive Health Center
Little Lake Health Center,45 Hazel Street,,Willits,Mendocino,,Federally Qualified Health Center (FQHC)/Comprehensive Health Center
Little Lake Health Center,45 Hazel Street,,Willits,Mendocino,Rural,Federally Qualified Health Center (FQHC)/Comprehensive Health Center
Livingston Community Health,1140 Main Street,,Livingston,Merced,,Federally Qualified Health Center (FQHC)/Comprehensive Health Center
Livingston Community Health - Bentley Health Center,12619 Bentley Street,,Waterford,Stanislaus,,Federally Qualified Health Center (FQHC)/Comprehensive Health Center
Livingston Community Health - Hilmar Health Center,7970 Lander Avenue,Suite A,Hilmar,Merced,,Federally Qualified Health Center (FQHC)/Comprehensive Health Center
Livingston Community Health - Hilmar Health Center,"7970 Lander Avenue, Suite A",,Hilmar,Merced,,Federally Qualified Health Center (FQHC)/Comprehensive Health Center
Livingston Community Health Services,1140 Main St,,Livingston,Merced,,Federally Qualified Health Center (FQHC)/Comprehensive Health Center
Logan Heights Family Health Center,1809 National Ave,,San Diego,San Diego,Urban,Federally Qualified Health Center (FQHC)/Comprehensive Health Center
Logan Heights Family Health Center,1809 National Ave,,San Diego,San Diego,Urban,Federally Qualified Health Center (FQHC)/Comprehensive Health Center
Los Angeles Christian Health Centers,1625 E Fourth St,,Los Angeles,Los Angeles,Urban,Federally Qualified Health Center (FQHC)/Comprehensive Health Center
Los Angeles Christian Health Centers - Midnight Mission,601 S San Pedro St,,Los Angeles,Los Angeles,,Federally Qualified Health Center (FQHC)/Comprehensive Health Center
Los Angeles Christian Health Centers - Midnight Mission,601 S San Pedro Street,,Los Angeles,Los Angeles,Urban,Federally Qualified Health Center (FQHC)/Comprehensive Health Center
Los Angeles Christian Health Centers - New Genesis,452 S. Main Street,,Los Angeles,Los Angeles,,Federally Qualified Health Center (FQHC)/Comprehensive Health Center
Los Angeles Christian Health Centers - New Genesis,452 S. Main Street,,Los Angeles,Los Angeles,,Federally Qualified Health Center (FQHC)/Comprehensive Health Center
Los Angeles Christian Health Centers - Percy,3455 Percy St,,Los Angeles,Los Angeles,,Federally Qualified Health Center (FQHC)/Comprehensive Health Center
Los Angeles Christian Health Centers - Percy,3455 Percy Street,,Los Angeles,Los Angeles,Urban,Federally Qualified Health Center (FQHC)/Comprehensive Health Center
Los Angeles Christian Health Centers - Pico Aliso,1625 Fourth Street,,Los Angeles,Los Angeles,,Federally Qualified Health Center (FQHC)/Comprehensive Health Center
Los Angeles Christian Health Centers - Pico Aliso,1625 Fourth Street,,Los Angeles,Los Angeles,Urban,Federally Qualified Health Center (FQHC)/Comprehensive Health Center
Los Angeles Christian Health Centers Joshua House,311 Winston Street,,Los Angeles,Los Angeles,,Federally Qualified Health Center (FQHC)/Comprehensive Health Center
Los Angeles Christian Health Centers Joshua House,311 Winston Street,,Los Angeles,Los Angeles,,Federally Qualified Health Center (FQHC)/Comprehensive Health Center
Los Angeles Christian Health CentersExodus ICM,1920 Marengo Street,,Los Angeles,Los Angeles,,Federally Qualified Health Center (FQHC)/Comprehensive Health Center
Los Angeles Christian Health CentersExodus ICM,1920 Marengo Street,,Los Angeles,Los Angeles,,Federally Qualified Health Center (FQHC)/Comprehensive Health Center
Lost Hills Community Health and Dental Center,21138 Paso Robles Hwy,,Lost Hills,Kern,Rural,Federally Qualified Health Center (FQHC)/Comprehensive Health Center
Maclay Health Center for Children,12540 Pierce St,,Pacoima,Los Angeles,,Federally Qualified Health Center (FQHC)/Comprehensive Health Center
Maclay Health Center for Children,12540 Pierce Street,,Pacoima,Los Angeles,Urban,Federally Qualified Health Center (FQHC)/Comprehensive Health Center
Magnolia Family Medical Clinic,2240 East Gonzales Road,#100,Oxnard,Ventura,,Federally Qualified Health Center (FQHC)/Comprehensive Health Center
Magnolia Family Medical Clinic,"2240 East Gonzales Road, #100",,Oxnard,Ventura,,Federally Qualified Health Center (FQHC)/Comprehensive Health Center
Marin Community Clinic,3260 Kerner Boulevard,,San Rafael,Marin,Urban,Federally Qualified Health Center (FQHC)/Comprehensive Health Center
Marin Community Clinic - San Rafael Campus,3260 Kerner Blvd,,San Rafael,Marin,,Federally Qualified Health Center (FQHC)/Comprehensive Health Center
"Maternal Child Health Center (Medical, Dental, Behavior Health)",4050 Beyer Blvd.,,San Ysidro,San Diego,Urban,Federally Qualified Health Center (FQHC)/Comprehensive Health Center
Mathiesen Memorial Health Center,18144 Seco Street,,Jamestown,Tuolumne,Rural,Federally Qualified Health Center (FQHC)/Comprehensive Health Center
MCHC Health centers inc.,333 Laws Ave,,Ukiah,Mendocino,Rural,Federally Qualified Health Center (FQHC)/Comprehensive Health Center
"Mendocino Coast Clinics, Inc",205 South St,,Fort Bragg,Mendocino,Rural,Federally Qualified Health Center (FQHC)/Comprehensive Health Center
"Mendocino Coast Clinics, Inc.",205 South Street,,Fort Bragg,Mendocino,,Federally Qualified Health Center (FQHC)/Comprehensive Health Center
"Mendocino Coast Clinics, Inc.",205 South Street,,Fort Bragg,Mendocino,,Federally Qualified Health Center (FQHC)/Comprehensive Health Center
Mendocino Community Health Clinic,333 Laws Avenue,,Ukiah,Mendocino,,Federally Qualified Health Center (FQHC)/Comprehensive Health Center
Mendocino Community Health Clinic,333 Laws Avenue,,Ukiah,Mendocino,Rural,Federally Qualified Health Center (FQHC)/Comprehensive Health Center
Mission Neighborhood Health Center,240 Shotwell St.,,San Francisco,San Francisco,Urban,Federally Qualified Health Center (FQHC)/Comprehensive Health Center
Moorpark Family Medical Clinic,612 Spring Rd,Bldg A,Moorpark,Ventura,,Federally Qualified Health Center (FQHC)/Comprehensive Health Center
Moorpark Family Medical Clinic,612 Spring Rd Bldg A,,Moorpark,Ventura,Urban,Federally Qualified Health Center (FQHC)/Comprehensive Health Center
"National City Family Clinic ( Medical, Behavior Health)",1136 D Avenue,,National City,San Diego,Urban,Federally Qualified Health Center (FQHC)/Comprehensive Health Center
Native American Health Center,1151 Harbor Bay Parkway,Suite 203,Alameda,Alameda,,Federally Qualified Health Center (FQHC)/Comprehensive Health Center
Native American Health Center,"1151 Harbor Bay Parkway, Ste. 203",,Alameda,Alameda,Urban,Federally Qualified Health Center (FQHC)/Comprehensive Health Center
Native American Health Center - 2950 International Blvd,2950 International Blvd,,Oakland,Alameda,,Federally Qualified Health Center (FQHC)/Comprehensive Health Center
Native American Health Center - 3124 International Blvd,3124 International Blvd,,Oakland,Alameda,,Federally Qualified Health Center (FQHC)/Comprehensive Health Center
Native American Health Center - Alameda High School,2201 Encinal Ave,,Alameda,Alameda,,Federally Qualified Health Center (FQHC)/Comprehensive Health Center
Native American Health Center - Capp Street,160 Capp Street,,San Francisco,San Francisco,,Federally Qualified Health Center (FQHC)/Comprehensive Health Center
Native American Health Center - Encinal High School,210 Central Ave,,Alameda,Alameda,,Federally Qualified Health Center (FQHC)/Comprehensive Health Center
Native American Health Center - Finch Rising Harte School,3800 Coolidge Ave,,Oakland,Alameda,,Federally Qualified Health Center (FQHC)/Comprehensive Health Center
Native American Health Center - Finch Rising Harte School,3800 Coolidge Ave,,Oakland,Alameda,,Federally Qualified Health Center (FQHC)/Comprehensive Health Center
Native American Health Center - Frick Middle School,2845 64th Ave,,Oakland,Alameda,Urban,Federally Qualified Health Center (FQHC)/Comprehensive Health Center
Native American Health Center - Island High School,500 Pacific Ave,,Alameda,Alameda,Urban,Federally Qualified Health Center (FQHC)/Comprehensive Health Center
Native American Health Center - Madison High School,400 Capistrano Drive,,Oakland,Alameda,,Federally Qualified Health Center (FQHC)/Comprehensive Health Center
Native American Health Center - Rising Harte Wellness School,3800 Coolidge Ave,,Oakland,Alameda,,Federally Qualified Health Center (FQHC)/Comprehensive Health Center
Native American Health Center - San Leandro High School,2251 Bancroft Ave,,San Leandro,Alameda,Urban,Federally Qualified Health Center (FQHC)/Comprehensive Health Center
Native American Health Center - Skyline High School,12250 Skyline Blvd,,Oakland,Alameda,,Federally Qualified Health Center (FQHC)/Comprehensive Health Center
Native American Health Center - United for Success Academy,2101 35th Ave,,Oakland,Alameda,,Federally Qualified Health Center (FQHC)/Comprehensive Health Center
Native American Health Center- 2950 International Blvd,2950 International Blvd,,Oakland,Alameda,,Federally Qualified Health Center (FQHC)/Comprehensive Health Center
Native American Health Center- 3124 International Blvd,3124 International Blvd,,Oakland,Alameda,,Federally Qualified Health Center (FQHC)/Comprehensive Health Center
Native American Health Center- Alameda High School,2201 Encinal Ave,,Alameda,Alameda,,Federally Qualified Health Center (FQHC)/Comprehensive Health Center
Native American Health Center- Capp Street,160 Capp Street,,San Francisco,San Francisco,,Federally Qualified Health Center (FQHC)/Comprehensive Health Center
Native American Health Center- Encinal High School,210 Central Ave,,Alameda,Alameda,,Federally Qualified Health Center (FQHC)/Comprehensive Health Center
Native American Health Center- Frick Middle School,2845 64th Ave,,Oakland,Alameda,,Federally Qualified Health Center (FQHC)/Comprehensive Health Center
Native American Health Center- Island High School,500 Pacific Ave,,Alameda,Alameda,,Federally Qualified Health Center (FQHC)/Comprehensive Health Center
Native American Health Center- Madison High School,400 Capistrano Drive,,Oakland,Alameda,,Federally Qualified Health Center (FQHC)/Comprehensive Health Center
Native American Health Center- San Leandro High School,2251 Bancroft Ave,,San Leandro,Alameda,,Federally Qualified Health Center (FQHC)/Comprehensive Health Center
Native American Health Center- Skyline High School,12250 Skyline Blvd,,Oakland,Alameda,,Federally Qualified Health Center (FQHC)/Comprehensive Health Center
Native American Health Center- United for Success Academy,2101 35th Ave,,Oakland,Alameda,,Federally Qualified Health Center (FQHC)/Comprehensive Health Center
Neighborhood Healthcare,425 N Date Street,,Escondido,San Diego,,Federally Qualified Health Center (FQHC)/Comprehensive Health Center
Neighborhood Healthcare,425 N Date Street,,Escondido,San Diego,,Federally Qualified Health Center (FQHC)/Comprehensive Health Center
Neighborhood Healthcare - 16650 Hwy 76,16650 Hwy 76,,Pauma Valley,San Diego,Rural,Federally Qualified Health Center (FQHC)/Comprehensive Health Center
Neighborhood Healthcare - 460 N. Elm St.,460 N. Elm St.,,Escondido,San Diego,,Federally Qualified Health Center (FQHC)/Comprehensive Health Center
Neighborhood Healthcare - 460 N. Elm St.,460 N. Elm St.,,Escondido,San Diego,Urban,Federally Qualified Health Center (FQHC)/Comprehensive Health Center
Neighborhood Healthcare - Cherry Hills Blvd.,26926-B Cherry Hills Blvd,,Menifee,Riverside,Urban,Federally Qualified Health Center (FQHC)/Comprehensive Health Center
Neighborhood Healthcare - E. Grand Ave.,1001 E. Grand Ave,,Escondido,San Diego,,Federally Qualified Health Center (FQHC)/Comprehensive Health Center
Neighborhood Healthcare - E. Valley Parkway,728 E. Valley Parkway,,Escondido,San Diego,,Federally Qualified Health Center (FQHC)/Comprehensive Health Center
Neighborhood Healthcare - East Devonshire Ave.,903 East Devonshire Avenue Suite C&D,,Hemet,Riverside,Urban,Federally Qualified Health Center (FQHC)/Comprehensive Health Center
Neighborhood Healthcare - Enterprise Circle North,41840 Enterprise Circle North,,Temecula,Riverside,Urban,Federally Qualified Health Center (FQHC)/Comprehensive Health Center
Neighborhood Healthcare - Grand Avenue,1001 E. Grand Ave,,Escondido,San Diego,,Federally Qualified Health Center (FQHC)/Comprehensive Health Center
Neighborhood Healthcare - Temecula,41840 Enterprise Cir N,,Temecula,Riverside,,Federally Qualified Health Center (FQHC)/Comprehensive Health Center
Neighborhood Healthcare - Women's Center,728 E. Valley Parkway,,Escondido,San Diego,,Federally Qualified Health Center (FQHC)/Comprehensive Health Center
